Start Time,Duration,Run ID,Name,Source Type,Source Name,User,Status,batch_size,eval_frequency,initial_rate,max_steps,model_name,optimizers,section,section_model,size,AWARDS_f1_score,AWARDS_precision,AWARDS_recall,Address_f1_score,Address_precision,Address_recall,CERTIFICATIONS_f1_score,CERTIFICATIONS_precision,CERTIFICATIONS_recall,CLIENT_f1_score,CLIENT_precision,CLIENT_recall,COMPANY_LOC_f1_score,COMPANY_LOC_precision,COMPANY_LOC_recall,COMPANY_f1_score,COMPANY_precision,COMPANY_recall,DESGINATION_f1_score,DESGINATION_precision,DESGINATION_recall,EDUCATIONAL_INSTITUTION_f1_score,EDUCATIONAL_INSTITUTION_precision,EDUCATIONAL_INSTITUTION_recall,EMAIL_f1_score,EMAIL_precision,EMAIL_recall,GITHUB_URL_f1_score,GITHUB_URL_precision,GITHUB_URL_recall,HIGHER_EDUCATION_f1_score,HIGHER_EDUCATION_precision,HIGHER_EDUCATION_recall,LINKEDIN_URL_f1_score,LINKEDIN_URL_precision,LINKEDIN_URL_recall,LinkedIn URL_f1_score,LinkedIn URL_precision,LinkedIn URL_recall,NAME_f1_score,NAME_precision,NAME_recall,PASSOUTYEAR_f1_score,PASSOUTYEAR_precision,PASSOUTYEAR_recall,PERSON_ADDRESS_f1_score,PERSON_ADDRESS_precision,PERSON_ADDRESS_recall,PHONE_NO_f1_score,PHONE_NO_precision,PHONE_NO_recall,PROJECTS_f1_score,PROJECTS_precision,PROJECTS_recall,SKILLS_f1_score,SKILLS_precision,SKILLS_recall,SUMMARY_f1_score,SUMMARY_precision,SUMMARY_recall,TOTAL_EXP_f1_score,TOTAL_EXP_precision,TOTAL_EXP_recall,WORKING_DATES_f1_score,WORKING_DATES_precision,WORKING_DATES_recall,accuracy,f1_score,kappa,length,precision,recall,model_flavor
2023-08-11 09:32:11,6.8s,3dfe7f63b5154159a8696c4af6e46b51,personal_details_section_20230811-092024,LOCAL,/home/ptgml/local_machine/train_spacy.py,ptgml,FINISHED,64,200,0.00001,2000,"""microsoft/deberta-base""","""Adam.v1""",personal_details_section,personal_details_section_microsoft/deberta-base,2000,,,,,,,,,,,,,,,,,,,,,,,,,0.9538461538,0.9356955381,0.9727148704,0.6206896552,0.6,0.6428571429,,,,0.8768768769,0.8848484848,0.869047619,,,,0.9015837104,0.9015837104,0.9015837104,,,,0.7286585366,0.7177177177,0.7399380805,0.9085714286,0.8957746479,0.9217391304,,,,,,,0.715855573,0.7058823529,0.7261146497,0.8941176471,0.8881469115,0.9001692047,,,,0.8790175690333334,0.8789695192,0.7701352394819578,2907,0.8710819009,0.887001287,spacypersonal_details_section
2023-08-11 09:18:26,7.7s,fab97c0684a14baea82c7dee8f5d8c62,entire_resume_20230811-090043,LOCAL,/home/ptgml/local_machine/train_spacy.py,ptgml,FINISHED,64,200,0.00001,2000,"""microsoft/deberta-base""","""Adam.v1""",entire_resume,entire_resume_microsoft/deberta-base,2000,0,0,0,,,,0.3919167177,0.4407713499,0.3528114664,0.0495137047,0.059447983,0.0424242424,0.8932253314,0.9038748137,0.8828238719,0.8010279001,0.7833891814,0.8194792188,0.8080261526,0.7946784922,0.8218298555,0.7121559633,0.7113402062,0.7129735936,0.8818698673,0.8419782871,0.925729443,0,0,0,0.6862406448,0.6914153132,0.6811428571,0.656424581,0.6119791667,0.7078313253,0,0,0,0.8102893891,0.7817993795,0.8409343715,0.7243243243,0.774566474,0.6802030457,0.3570469799,0.3490813648,0.3653846154,0.83645766,0.7938650307,0.8838797814,0.3983781044,0.4781021898,0.3414422242,0.8755493057,0.8559007492,0.896121186,0,0,0,0.7949326999,0.7437037037,0.8537414966,0.9316983727,0.9329814092,0.9304188602,0.8238511929,0.8238084887,0.7420657943918147,2913,0.8166079592,0.8311371308,spacyentire_resume
2023-08-10 09:31:09,6.9s,8478ba3b801942829d84bc2f0182ecee,personal_details_section_20230810-091919,LOCAL,/home/ptgml/local_machine/train_spacy.py,ptgml,FINISHED,64,200,0.00001,2000,"""microsoft/deberta-base""","""Adam.v1""",personal_details_section,personal_details_section_microsoft/deberta-base,2000,,,,,,,,,,,,,,,,,,,,,,,,,0.9539333806,0.9386331939,0.969740634,0.619047619,0.5652173913,0.6842105263,,,,0.8386075949,0.8466453674,0.8307210031,,,,0.8944844125,0.8880952381,0.9009661836,,,,0.6914728682,0.6757575758,0.7079365079,0.9180811808,0.9027576197,0.9339339339,,,,,,,0.7023411371,0.7094594595,0.6953642384,0.8908926961,0.8900900901,0.8916967509,,,,0.8702867011666666,0.8702412869,0.6556940836015887,2721,0.86260962,0.8780091966,spacypersonal_details_section
2023-08-10 09:17:41,7.8s,4be54f6db7d14caba2f143e0ca5e9a28,entire_resume_20230810-090022,LOCAL,/home/ptgml/local_machine/train_spacy.py,ptgml,FINISHED,64,200,0.00001,2000,"""microsoft/deberta-base""","""Adam.v1""",entire_resume,entire_resume_microsoft/deberta-base,2000,0,0,0,,,,0.2528180354,0.3568181818,0.1957605985,0,0,0,0.8162965682,0.7903340441,0.8440227704,0.7055884287,0.6983342009,0.7129949508,0.7178954656,0.6828358209,0.7567501824,0.5265104809,0.5291201983,0.5239263804,0.8573416841,0.8224299065,0.8953488372,0,0,0,0.6054254007,0.604679803,0.6061728395,0.4301994302,0.3922077922,0.476340694,0,0,0,0.7655889145,0.7374860957,0.7959183673,0.4091381101,0.4828431373,0.354954955,0.1109057301,0.1463414634,0.0892857143,0.557501904,0.5665634675,0.5487256372,0.0832666133,0.2429906542,0.0502415459,0.8336924295,0.8207991878,0.8469971936,0,0,0,0.7932862191,0.7636054422,0.8253676471,0.8764684941,0.8732560889,0.8797046212,0.7653612244,0.7653412128,0.6073406596114599,2727,0.7701644002,0.7605780602,spacyentire_resume
2023-08-09 16:22:54,7.5s,ec4d2184be354900b64316cb79d084eb,personal_details_section_20230809-160059,LOCAL,/home/ptgml/local_machine/train_spacy.py,ptgml,FINISHED,32,200,0.00001,20000,"""microsoft/deberta-base""","""Adam.v1""",personal_details_section,personal_details_section_microsoft/deberta-base,2000,,,,,,,,,,,,,,,,,,,,,,,,,0.9498233216,0.932038835,0.9682997118,0.619047619,0.5652173913,0.6842105263,,,,0.8508634223,0.8522012579,0.8495297806,,,,0.8912783751,0.8817966903,0.9009661836,,,,0.6976047904,0.6600566572,0.7396825397,0.9031781227,0.8893740902,0.9174174174,,,,,,,0.7213675214,0.7455830389,0.6986754967,0.9072907291,0.9048473968,0.9097472924,,,,0.8714285592666666,0.8713426854,0.7576452642032037,2721,0.860876452,0.8820665404,spacypersonal_details_section
2023-08-09 15:58:59,8.4s,9a3ba49c70494dafa2fdb7cf5c047128,entire_resume_20230809-153452,LOCAL,/home/ptgml/local_machine/train_spacy.py,ptgml,FINISHED,32,200,0.00001,19998,"""microsoft/deberta-base""","""Adam.v1""",entire_resume,entire_resume_microsoft/deberta-base,2000,0,0,0,,,,0.3788487282,0.4089595376,0.3528678304,0,0,0,0.8753546435,0.8725490196,0.8781783681,0.7663924208,0.7217656727,0.8169014085,0.8012019231,0.7918745545,0.8107516419,0.6807453416,0.6893081761,0.672392638,0.8285912561,0.7928286853,0.8677325581,0,0,0,0.6490233144,0.6628056628,0.6358024691,0.4303030303,0.4139941691,0.4479495268,0,0,0,0.8068376068,0.7678958785,0.849939976,0.6588021779,0.6636197441,0.6540540541,0.1520467836,0.1494252874,0.1547619048,0.7210787793,0.6846361186,0.7616191904,0.2574468085,0.2863905325,0.2338164251,0.857307998,0.8286602186,0.8880074836,0,0,0,0.7986171132,0.7536704731,0.8492647059,0.9257183737,0.9267128193,0.92472606,0.8017803867,0.8015931553,0.7492918089449159,2727,0.7868672047,0.8168808001,spacyentire_resume
2023-08-09 09:31:03,6.9s,f5039967ebe2424ca2da4e98da32e11b,personal_details_section_20230809-091903,LOCAL,/home/ptgml/local_machine/train_spacy.py,ptgml,FINISHED,64,200,0.00001,2000,"""microsoft/deberta-base""","""Adam.v1""",personal_details_section,personal_details_section_microsoft/deberta-base,2000,,,,,,,,,,,,,,,,,,,,,,,,,0.9681335357,0.9637462236,0.9725609756,0.8,0.6666666667,1,,,,0.881533101,0.875432526,0.8877192982,,,,0.8949416342,0.892626132,0.8972691808,,,,0.7387387387,0.7321428571,0.7454545455,0.9126671912,0.9133858268,0.9119496855,,,,,,,0.6776556777,0.7034220532,0.6537102473,0.8968692449,0.8822463768,0.9119850187,,,,0.8814290882333333,0.8814246417,0.7827740235830151,2505,0.8790066416,0.8838559814,spacypersonal_details_section
2023-08-09 09:17:35,8.7s,73808b3c5f4740b9a6a08951770b640c,entire_resume_20230809-090047,LOCAL,/home/ptgml/local_machine/train_spacy.py,ptgml,FINISHED,64,200,0.00001,2000,"""microsoft/deberta-base""","""Adam.v1""",entire_resume,entire_resume_microsoft/deberta-base,2000,0,0,0,,,,0.4173913043,0.4690553746,0.3759791123,0.0084745763,0.0112676056,0.0067911715,0.852293578,0.8789025544,0.8272484417,0.7877959927,0.8021638331,0.7739337906,0.8097765363,0.8111359821,0.8084216397,0.7137809187,0.7616892911,0.6715425532,0.891991183,0.8537271449,0.9338461538,0,0,0,0.6937321937,0.7435114504,0.650200267,0.5714285714,0.5247813411,0.6271777003,0,0,0,0.8331177232,0.8193384224,0.8473684211,0.7070063694,0.7798594848,0.6466019417,0.3015267176,0.3464912281,0.2668918919,0.8276899925,0.7902298851,0.868878357,0.3286384977,0.3988603989,0.2794411178,0.8582053229,0.8456108042,0.8711806791,0.004842615,0.0072463768,0.0036363636,0.8372978116,0.8058608059,0.8712871287,0.9100427056,0.9265077139,0.89415268,0.8107433447333333,0.8107139345,0.6049590832708343,2510,0.8167385943,0.8047775054,spacyentire_resume
2023-08-08 16:18:53,7.2s,5cfb79d8c9d84899b59bac5067aa19e5,experience_details_section_20230808-160414,LOCAL,/home/ptgml/local_machine/train_spacy.py,ptgml,FINISHED,64,200,0.00001,2000,"""microsoft/deberta-base""","""Adam.v1""",experience_details_section,experience_details_section_microsoft/deberta-base,2000,0,0,0,,,,0,0,0,,,,0.8746217034,0.852148273,0.898312611,0.7992214403,0.773174971,0.8270839789,0.8305038335,0.8155418123,0.8460251046,0,0,0,,,,,,,0,0,0,,,,,,,,,,0,0,0,,,,,,,0.4740331492,0.5335820896,0.4264413519,0.8798438376,0.8552962838,0.9058420885,,,,,,,0.9295392954,0.9161324786,0.9433443344,0.8633525699666666,0.863051563,0.8851126329209195,2456,0.843757677,0.8832484699,spacyexperience_details_section
2023-08-08 16:01:51,4.2s,5f03f61558654080836e8c53551130d0,personal_details_section_20230808-154939,LOCAL,/home/ptgml/local_machine/train_spacy.py,ptgml,FINISHED,64,200,0.00001,2000,"""microsoft/deberta-base""","""Adam.v1""",personal_details_section,personal_details_section_microsoft/deberta-base,2000,,,,,,,,,,,,,,,,,,,,,,,,,0.9618196588,0.9396825397,0.9850249584,0.7222222222,0.7222222222,0.7222222222,,,,0.8542094456,0.8559670782,0.8524590164,,,,0.9138418079,0.9011142061,0.9269340974,,,,0.7258064516,0.7058823529,0.7468879668,0.9121621622,0.9,0.9246575342,,,,,,,0.7227722772,0.6974522293,0.75,0.8845014808,0.8784313725,0.8906560636,,,,0.8803584503,0.8801978667,0.5220404386998626,2275,0.8658759124,0.8950015718,spacypersonal_details_section
2023-08-08 15:38:09,5.0s,b5c81468d0ec4f0897dd28424e4b01a3,entire_resume_20230808-152157,LOCAL,/home/ptgml/local_machine/train_spacy.py,ptgml,FINISHED,64,200,0.00001,2000,"""microsoft/deberta-base""","""Adam.v1""",entire_resume,entire_resume_microsoft/deberta-base,2000,0,0,0,,,,0.3183984747,0.3920187793,0.2680577849,0.0365296804,0.0401002506,0.0335429769,0.8550724638,0.8734047984,0.8374938815,0.7868095631,0.7955985328,0.7782126549,0.8150824823,0.83008,0.800617284,0.7344365642,0.755267423,0.7147239264,0.8597210829,0.8438003221,0.8762541806,0,0,0,0.7196261682,0.7598684211,0.6834319527,0.5472440945,0.5387596899,0.556,0,0,0,0.8052851182,0.7782258065,0.8342939481,0.674584323,0.7208121827,0.6339285714,0.2868852459,0.2857142857,0.2880658436,0.7810650888,0.7623762376,0.8006932409,0.4417989418,0.5022556391,0.3943329398,0.8742957606,0.8597642436,0.8893269387,0.185528757,0.1858736059,0.1851851852,0.8099688474,0.7753479125,0.847826087,0.9241212853,0.9270581114,0.9212030075,0.8235076624,0.8235076268,0.6807705154873622,2279,0.8237173551,0.8232980053,spacyentire_resume
2023-08-03 09:44:56,6.7s,37425e208b874ba09990200aec29d453,experience_details_section_20230803-093116,LOCAL,/home/ptgml/local_machine/train_spacy.py,ptgml,FINISHED,64,200,0.00001,2000,"""microsoft/deberta-base""","""Adam.v1""",experience_details_section,experience_details_section_microsoft/deberta-base,2000,,,,,,,0,0,0,,,,0.8572241183,0.834440753,0.8812865497,0.8018979834,0.7952941176,0.8086124402,0.8301815431,0.8199477027,0.8406740712,0,0,0,,,,,,,0,0,0,,,,,,,,,,0,0,0,,,,,,,0.4719764012,0.5031446541,0.4444444444,0.877471224,0.8452391028,0.9122590664,,,,,,,0.9094170404,0.9043881555,0.9145021645,0.8608598778,0.8604269294,0.8763569627848772,1909,0.8374288898,0.8847238142,spacyexperience_details_section
2023-08-03 09:29:25,6.6s,a1930f76ae0e466d8f887aa9c8824231,personal_details_section_20230803-091750,LOCAL,/home/ptgml/local_machine/train_spacy.py,ptgml,FINISHED,64,200,0.00001,2000,"""microsoft/deberta-base""","""Adam.v1""",personal_details_section,personal_details_section_microsoft/deberta-base,2000,,,,,,,,,,,,,,,,,,,,,,,,,0.9552529183,0.9352380952,0.9761431412,0.6428571429,0.5625,0.75,,,,0.8226950355,0.8130841121,0.8325358852,,,,0.9182282794,0.913559322,0.9229452055,,,,0.6990740741,0.6565217391,0.7475247525,0.8950050968,0.879759519,0.9107883817,,,,,,,0.7154742097,0.6739811912,0.7624113475,0.901910828,0.8962025316,0.9076923077,,,,0.8704396282999999,0.8701393984,0.8162683375744739,1909,0.8507890961,0.8903903904,spacypersonal_details_section
2023-08-03 09:16:01,7.4s,ede10d0030504afdad6ad3f08d34c3e1,entire_resume_20230803-090034,LOCAL,/home/ptgml/local_machine/train_spacy.py,ptgml,FINISHED,64,200,0.00001,2000,"""microsoft/deberta-base""","""Adam.v1""",entire_resume,entire_resume_microsoft/deberta-base,2000,0,0,0,,,,0.309947644,0.3378995434,0.2862669246,0,0,0,0.8639867841,0.8504065041,0.8780078344,0.7845073097,0.7646188009,0.8054580897,0.8185483871,0.8000716589,0.8378986867,0.7019982624,0.6801346801,0.7253141831,0.8672727273,0.8057432432,0.938976378,0,0,0,0.700265252,0.710951526,0.6898954704,0.602739726,0.5814977974,0.6255924171,0,0,0,0.7963875205,0.7735247209,0.820642978,0.676096181,0.6927536232,0.6602209945,0.4593301435,0.4485981308,0.4705882353,0.7828627069,0.7472118959,0.8220858896,0.3891752577,0.3669501823,0.414266118,0.8559269477,0.8130002031,0.9036394834,0.3705035971,0.3843283582,0.3576388889,0.7980997625,0.7567567568,0.8442211055,0.9093782929,0.9030345309,0.9158118146,0.8161223073,0.8155050222,0.7540420864121615,1911,0.7889362962,0.8439256035,spacyentire_resume
2023-08-02 11:09:56,6.6s,75752585f10142ffbe74cf245d6d57d8,experience_details_section_20230802-105616,LOCAL,/home/ptgml/local_machine/train_spacy.py,ptgml,FINISHED,64,200,0.00001,2000,"""microsoft/deberta-base""","""Adam.v1""",experience_details_section,experience_details_section_microsoft/deberta-base,2000,,,,,,,0,0,0,,,,0.8701260627,0.8436611711,0.8983050847,0.7929406936,0.7675804529,0.8200339559,0.8244881733,0.8158929976,0.833266372,0,0,0,,,,,,,0,0,0,,,,,,,,,,0,0,0,,,,,,,0.4665579119,0.4839255499,0.4503937008,0.8661286494,0.8323448905,0.9027709055,,,,,,,0.9274976213,0.9189291101,0.9362274299,0.8542124159333334,0.8536353224,0.872547623311115,1783,0.8273037116,0.8816982138,spacyexperience_details_section
2023-08-02 10:54:18,6.7s,55add4cad3cb44ca9c2e3783ac17d2fb,personal_details_section_20230802-104247,LOCAL,/home/ptgml/local_machine/train_spacy.py,ptgml,FINISHED,64,200,0.00001,2000,"""microsoft/deberta-base""","""Adam.v1""",personal_details_section,personal_details_section_microsoft/deberta-base,2000,,,,,,,,,,,,,,,,,,,,,,,,,0.9632653061,0.9421157685,0.9853862213,0.6511627907,0.5384615385,0.8235294118,,,,0.8543209877,0.8357487923,0.8737373737,,,,0.9039341263,0.8981818182,0.9097605893,,,,0.7156862745,0.6636363636,0.7765957447,0.8891280947,0.8676470588,0.9116997792,,,,,,,0.7155963303,0.7142857143,0.7169117647,0.8982360923,0.885026738,0.91184573,,,,0.8711028355,0.8708171206,0.7603865531237397,1783,0.8519223449,0.890569041,spacypersonal_details_section
2023-08-02 10:40:58,8.2s,99174ff482ca4645822ff353beeaa343,entire_resume_20230802-102557,LOCAL,/home/ptgml/local_machine/train_spacy.py,ptgml,FINISHED,64,200,0.00001,2000,"""microsoft/deberta-base""","""Adam.v1""",entire_resume,entire_resume_microsoft/deberta-base,2000,0,0,0,,,,0.3311772316,0.4115755627,0.2770562771,0.0092807425,0.0322580645,0.0054200542,0.8442969221,0.8382264829,0.8504559271,0.785997358,0.7979436746,0.7744034707,0.8188749227,0.8334731544,0.8047792629,0.7382146439,0.7540983607,0.7229862475,0.8525641026,0.8617710583,0.843551797,0,0,0,0.6953046953,0.7420042644,0.6541353383,0.4657534247,0.4941860465,0.4404145078,0,0,0,0.8370786517,0.8386491557,0.8355140187,0.725,0.7557003257,0.6966966967,0,0,0,0.7657657658,0.7943925234,0.7391304348,0.3780392157,0.3862179487,0.3701996928,0.8585589377,0.8287597039,0.8905810457,0.3915789474,0.4407582938,0.3522727273,0.8132780083,0.8328611898,0.7945945946,0.9193770944,0.9199211045,0.9188337273,0.8182755785000001,0.818247585,0.7302417340018931,1785,0.8124278189,0.8241513316,spacyentire_resume
2023-08-01 09:44:38,7.0s,a57e0af227b14d7091e9f9d1107eb3b7,experience_details_section_20230801-093112,LOCAL,/home/ptgml/local_machine/train_spacy.py,ptgml,FINISHED,64,200,0.00001,2000,"""microsoft/deberta-base""","""Adam.v1""",experience_details_section,experience_details_section_microsoft/deberta-base,2000,0,0,0,,,,0,0,0,,,,0.858961474,0.8467635403,0.8715159755,0.8023584906,0.8004705882,0.8042553191,0.8269354493,0.818336163,0.8357173819,0,0,0,,,,,,,0,0,0,,,,,,,,,,0,0,0,,,,,,,0.4812834225,0.525,0.4442877292,0.8728600998,0.8425159835,0.9054716314,,,,,,,0.936285774,0.9226018938,0.9503816794,0.8595531061333332,0.8591878173,0.8092951683971289,1641,0.8380314233,0.8814400778,spacyexperience_details_section
2023-08-01 09:29:13,6.8s,29996926103a4ad6bad2a23bd258da08,personal_details_section_20230801-091726,LOCAL,/home/ptgml/local_machine/train_spacy.py,ptgml,FINISHED,64,200,0.00001,2000,"""microsoft/deberta-base""","""Adam.v1""",personal_details_section,personal_details_section_microsoft/deberta-base,2000,,,,,,,,,,,,,,,,,,,,,,,,,0.9491891892,0.9261603376,0.9733924612,0.6060606061,0.5,0.7692307692,,,,0.8072916667,0.7908163265,0.8244680851,,,,0.916,0.9233870968,0.9087301587,,,,0.6946778711,0.6739130435,0.7167630058,0.8987485779,0.8856502242,0.9122401848,,,,,,,0.7349823322,0.7027027027,0.7703703704,0.8842975207,0.8770491803,0.8916666667,,,,0.8667099790333334,0.8665297741,0.790264898969766,1641,0.8514931396,0.8821070234,spacypersonal_details_section
2023-08-01 09:15:31,8.0s,e0c26bb86f104dbdb3b19349d980fedc,entire_resume_20230801-090037,LOCAL,/home/ptgml/local_machine/train_spacy.py,ptgml,FINISHED,64,200,0.00001,2000,"""microsoft/deberta-base""","""Adam.v1""",entire_resume,entire_resume_microsoft/deberta-base,2000,0,0,0,,,,0.3648124191,0.4208955224,0.3219178082,0.0750469043,0.1092896175,0.0571428571,0.8329032258,0.8181242079,0.8482260184,0.7899120777,0.7755565652,0.8048090523,0.8205128205,0.8147497805,0.8263579697,0.7046413502,0.7076271186,0.7016806723,0.8408342481,0.829004329,0.8530066815,0,0,0,0.7027027027,0.7206823028,0.6855983773,0.5088757396,0.5058823529,0.5119047619,0,0,0,0.8103448276,0.773308958,0.8511066398,0.7027914614,0.735395189,0.6729559748,0,0,0,0.7591240876,0.7609756098,0.7572815534,0.4317991632,0.451048951,0.4141252006,0.8568166021,0.8214965727,0.8953102303,0.4042105263,0.4465116279,0.3692307692,0.7908396947,0.8119122257,0.7708333333,0.9077220908,0.9083082221,0.9071367154,0.8150760382666666,0.8148370988,0.7054711099826663,1643,0.7981024221,0.8322885939,spacyentire_resume
2023-07-28 09:43:10,6.9s,b0f7a6759cde4ae5a6a8a318f28ffa77,experience_details_section_20230728-093019,LOCAL,/home/ptgml/local_machine/train_spacy.py,ptgml,FINISHED,64,200,0.00001,2000,"""microsoft/deberta-base""","""Adam.v1""",experience_details_section,experience_details_section_microsoft/deberta-base,2000,,,,,,,0,0,0,,,,0.8420664207,0.8274111675,0.8572501878,0.7711229947,0.7364657814,0.8092031425,0.8216624685,0.7995098039,0.8450777202,0,0,0,,,,,,,0,0,0,,,,,,,,,,0,0,0,,,,,,,0.497382199,0.5071174377,0.4880136986,0.8764998047,0.8460916878,0.9091751085,,,,,,,0.9252247989,0.9005066789,0.9513381995,0.858006524,0.85741923,0.8723784102073033,1443,0.8308026844,0.8857976576,spacyexperience_details_section
2023-07-28 09:28:31,6.8s,1eda47987616416eaad8cfdecc89fcdb,personal_details_section_20230728-091635,LOCAL,/home/ptgml/local_machine/train_spacy.py,ptgml,FINISHED,64,200,0.00001,2000,"""microsoft/deberta-base""","""Adam.v1""",personal_details_section,personal_details_section_microsoft/deberta-base,2000,,,,,,,,,,,,,,,,,,,,,,,,,0.962406015,0.9458128079,0.9795918367,0.4864864865,0.36,0.75,,,,0.8238993711,0.8343949045,0.8136645963,,,,0.9101251422,0.9009009009,0.9195402299,,,,0.7254901961,0.7115384615,0.74,0.8966408269,0.8874680307,0.9060052219,,,,,,,0.6946564885,0.6476868327,0.7489711934,0.8996763754,0.8825396825,0.9174917492,,,,0.8663026334333334,0.8660084626,0.7673061395605236,1442,0.8468965517,0.886002886,spacypersonal_details_section
2023-07-28 09:14:52,7.6s,f9be6b9e2f044986b348223bb8786045,entire_resume_20230728-090025,LOCAL,/home/ptgml/local_machine/train_spacy.py,ptgml,FINISHED,64,200,0.00001,2000,"""microsoft/deberta-base""","""Adam.v1""",entire_resume,entire_resume_microsoft/deberta-base,2000,0,0,0,,,,0.3188405797,0.34375,0.2972972973,0,0,0,0.8106007067,0.8032212885,0.8181169757,0.7477962782,0.7027151404,0.7990580848,0.8098946404,0.7885816236,0.8323917137,0.7057416268,0.7125603865,0.6990521327,0.7990599295,0.7280513919,0.8854166667,0,0,0,0.700913242,0.6898876404,0.7122969838,0.6689189189,0.6644295302,0.6734693878,,,,0.7687434002,0.7067961165,0.8425925926,0.6920152091,0.7137254902,0.6715867159,0.1264822134,0.1616161616,0.1038961039,0.769035533,0.7426470588,0.7973684211,0.3980582524,0.3679487179,0.4335347432,0.8633456399,0.8265956388,0.9035154549,0.3950617284,0.4,0.3902439024,0.8012618297,0.7514792899,0.8581081081,0.8988962472,0.8810038944,0.9175304191,0.8144772418,0.8138902072,0.7368069881974362,1444,0.787985541,0.8415559772,spacyentire_resume
2023-07-27 09:42:45,7.1s,2407b542580647889e2186851ebbc948,experience_details_section_20230727-092959,LOCAL,/home/ptgml/local_machine/train_spacy.py,ptgml,FINISHED,64,200,0.00001,2000,"""microsoft/deberta-base""","""Adam.v1""",experience_details_section,experience_details_section_microsoft/deberta-base,2000,0,0,0,,,,0,0,0,,,,0.8658304827,0.8525449102,0.8795366795,0.7888947093,0.7617602428,0.8180336773,0.8358730952,0.8129251701,0.8601542416,0,0,0,,,,,,,0,0,0,,,,,,,,,,0,0,0,,,,,,,0.4749754661,0.4989690722,0.4531835206,0.8802344587,0.847284761,0.9158505835,,,,,,,0.9231142372,0.9040380048,0.943012884,0.8643260460333334,0.8637199296,0.8403082606281966,1357,0.8365916496,0.8926665589,spacyexperience_details_section
2023-07-27 09:28:15,6.8s,c69e10a665b444f8a1e78e61d3dc287c,personal_details_section_20230727-091623,LOCAL,/home/ptgml/local_machine/train_spacy.py,ptgml,FINISHED,64,200,0.00001,2000,"""microsoft/deberta-base""","""Adam.v1""",personal_details_section,personal_details_section_microsoft/deberta-base,2000,,,,,,,,,,,,,,,,,,,,,,,,,0.9533954727,0.9226804124,0.9862258953,0.5161290323,0.3636363636,0.8888888889,,,,0.8375451264,0.8169014085,0.8592592593,,,,0.9088757396,0.8868360277,0.932038835,,,,0.6774193548,0.6481481481,0.7094594595,0.8998628258,0.8770053476,0.923943662,,,,,,,0.7519685039,0.7431906615,0.7609561753,0.9070146819,0.891025641,0.9235880399,,,,0.8705517061,0.8700787402,0.6725763473812421,1356,0.8459330144,0.8956433637,spacypersonal_details_section
2023-07-27 09:14:36,8.6s,048313da9d7d47ee8ca195e5639eb918,entire_resume_20230727-090024,LOCAL,/home/ptgml/local_machine/train_spacy.py,ptgml,FINISHED,64,200,0.00001,2000,"""microsoft/deberta-base""","""Adam.v1""",entire_resume,entire_resume_microsoft/deberta-base,2000,0,0,0,0,0,0,0.3397683398,0.380952381,0.3066202091,0,0,0,0.8729861371,0.8765989466,0.8694029851,0.7614266843,0.7382172131,0.7861429351,0.8247474747,0.8378655721,0.812033814,0.7069892473,0.7245179063,0.6902887139,0.8714479026,0.8563829787,0.8870523416,0,0,0,0.7387387387,0.7552631579,0.7229219144,0.4864864865,0.5346534653,0.4462809917,,,,0.8217592593,0.7959641256,0.8492822967,0.5914893617,0.6318181818,0.556,0.0830188679,0.0924369748,0.0753424658,0.7936962751,0.8075801749,0.7802816901,0.3966942149,0.3538873995,0.4512820513,0.8730017762,0.8537154644,0.8931796241,0.4430379747,0.4666666667,0.421686747,0.8461538462,0.8148148148,0.88,0.9140942809,0.9138755981,0.9143130685,0.8274899800999999,0.8274523822,0.7351225130281256,1358,0.8206773137,0.8343402444,spacyentire_resume
2023-07-20 09:40:32,6.6s,17a0fe9644c4435f901f31a31f017d6e,experience_details_section_20230720-092812,LOCAL,/home/ptgml/local_machine/train_spacy.py,ptgml,FINISHED,64,200,0.00001,2000,"""microsoft/deberta-base""","""Adam.v1""",experience_details_section,experience_details_section_microsoft/deberta-base,2000,0,0,0,,,,0,0,0,,,,0.8471470221,0.8398018167,0.8546218487,0.7916276164,0.7749235474,0.8090676884,0.852074564,0.8364817001,0.8682598039,0,0,0,,,,,,,0,0,0,,,,,,,,,,0,0,0,,,,,,,0.5070993915,0.5330490405,0.4835589942,0.8871405156,0.8484779387,0.9294947855,,,,,,,0.9075256873,0.884677856,0.9315849487,0.8694012584666666,0.8686740085,0.8364216561865494,1250,0.83896221,0.9005675569,spacyexperience_details_section
2023-07-20 09:26:33,6.6s,262cab12243e465ea4d585d5efc5082c,personal_details_section_20230720-091525,LOCAL,/home/ptgml/local_machine/train_spacy.py,ptgml,FINISHED,64,200,0.00001,2000,"""microsoft/deberta-base""","""Adam.v1""",personal_details_section,personal_details_section_microsoft/deberta-base,2000,,,,,,,,,,,,,,,,,,,,,,,,,0.9727403156,0.9576271186,0.9883381924,0.5294117647,0.375,0.9,,,,0.8,0.7826086957,0.8181818182,,,,0.9120433018,0.9108108108,0.9132791328,,,,0.6976744186,0.6617647059,0.737704918,0.9107413011,0.8931750742,0.9290123457,,,,,,,0.7250996016,0.7054263566,0.7459016393,0.9003558719,0.8908450704,0.9100719424,,,,0.8708429816000001,0.870581838,0.7487739908102424,1247,0.8525026624,0.8894444444,spacypersonal_details_section
2023-07-20 09:13:50,7.8s,639c535103684a5f9552d5fea93bc3e1,entire_resume_20230720-090019,LOCAL,/home/ptgml/local_machine/train_spacy.py,ptgml,FINISHED,64,200,0.00001,2000,"""microsoft/deberta-base""","""Adam.v1""",entire_resume,entire_resume_microsoft/deberta-base,2000,0,0,0,,,,0.3155339806,0.4193548387,0.2529182879,0.3005464481,0.5392156863,0.2083333333,0.8438117833,0.8590982287,0.8290598291,0.7825832846,0.7526700393,0.8149726111,0.8402435489,0.8473684211,0.8332374928,0.7431192661,0.745398773,0.7408536585,0.9034013605,0.853470437,0.9595375723,0,0,0,0.737920937,0.7455621302,0.7304347826,0.5245901639,0.4705882353,0.5925925926,,,,0.8121693122,0.7892030848,0.8365122616,0.7587822014,0.7431192661,0.7751196172,0.4235294118,0.4285714286,0.4186046512,0.8734939759,0.8554572271,0.8923076923,0.4421831637,0.4230088496,0.4631782946,0.8743494424,0.8374691865,0.91462758,0.5032822757,0.5251141553,0.4831932773,0.8490230906,0.8269896194,0.8722627737,0.9204335184,0.9086638831,0.9325120514,0.8403284607666667,0.8399178141,0.7480207504199394,1249,0.8177798056,0.8632877626,spacyentire_resume
2023-07-18 09:41:16,7.0s,7ab7d70b9cc04e80b8f753f51f2365e8,experience_details_section_20230718-092818,LOCAL,/home/ptgml/local_machine/train_spacy.py,ptgml,FINISHED,64,200,0.00001,2000,"""microsoft/deberta-base""","""Adam.v1""",experience_details_section,experience_details_section_microsoft/deberta-base,2000,,,,,,,0,0,0,,,,0.8489451477,0.8460891505,0.8518204911,0.7966313163,0.7810397554,0.8128580522,0.848127396,0.8429073857,0.8534124629,0,0,0,,,,,,,0,0,0,,,,,,,,,,0,0,0,,,,,,,0.5103189493,0.5112781955,0.5093632959,0.8763429275,0.8409547442,0.9148402854,,,,,,,0.9342503439,0.9138858988,0.9555430501,0.8631154327333332,0.8625167742,0.8459770410265899,1217,0.8355699069,0.8912596171,spacyexperience_details_section
2023-07-18 09:27:02,6.6s,aa0187e17504417192abfb5dc492c078,personal_details_section_20230718-091524,LOCAL,/home/ptgml/local_machine/train_spacy.py,ptgml,FINISHED,64,200,0.00001,2000,"""microsoft/deberta-base""","""Adam.v1""",personal_details_section,personal_details_section_microsoft/deberta-base,2000,,,,,,,,,,,,,,,,,,,,,,,,,0.9461077844,0.9132947977,0.9813664596,0.6,0.4285714286,1,,,,0.78125,0.7936507937,0.7692307692,,,,0.8997289973,0.8877005348,0.9120879121,,,,0.6920152091,0.6791044776,0.7054263566,0.9093655589,0.8852941176,0.9347826087,,,,,,,0.7115789474,0.7041666667,0.7191489362,0.8823529412,0.8633093525,0.9022556391,,,,0.8565986384,0.8562808557,0.6239596901393871,1214,0.8365487674,0.8769662921,spacypersonal_details_section
2023-07-18 09:13:46,7.7s,f0ece70b94264137957cef9467744e6b,entire_resume_20230718-090023,LOCAL,/home/ptgml/local_machine/train_spacy.py,ptgml,FINISHED,64,200,0.00001,2000,"""microsoft/deberta-base""","""Adam.v1""",entire_resume,entire_resume_microsoft/deberta-base,2000,0,0,0,,,,0.2205513784,0.3793103448,0.1554770318,0,0,0,0.843079512,0.8578767123,0.8287841191,0.7508792497,0.7237288136,0.7801461632,0.8442528736,0.8676904903,0.8220481253,0.7723076923,0.7770897833,0.7675840979,0.8709677419,0.8272980501,0.919504644,0,0,0,0.7534039334,0.7830188679,0.7259475219,0.5454545455,0.5555555556,0.5357142857,,,,0.8178137652,0.7952755906,0.8416666667,0.7669902913,0.79,0.7452830189,0.2821576763,0.2833333333,0.2809917355,0.824088748,0.7902735562,0.8609271523,0.361138371,0.3694779116,0.3531669866,0.8655968834,0.8325205186,0.9014102647,0.4160756501,0.4512820513,0.3859649123,0.8416988417,0.8384615385,0.8449612403,0.9318860244,0.9316332067,0.9321389794,0.8286483097333331,0.8285128323,0.7436912184166055,1216,0.8157388186,0.8416932783,spacyentire_resume
2023-07-08 09:40:29,6.8s,f5fbc7107fdc42249b75618cbd28a71c,experience_details_section_20230708-092807,LOCAL,/home/ptgml/local_machine/train_spacy.py,ptgml,FINISHED,64,200,0.00001,2000,"""microsoft/deberta-base""","""Adam.v1""",experience_details_section,experience_details_section_microsoft/deberta-base,2000,0,0,0,,,,0,0,0,,,,0.8425531915,0.8333333333,0.851979346,0.7850526988,0.768125,0.802743305,0.8386717602,0.818233945,0.8601567209,0,0,0,,,,,,,0,0,0,,,,,,,,,,0,0,0,,,,,,,0.4522900763,0.4429906542,0.4619883041,0.8788610493,0.8492212593,0.9106446582,,,,,,,0.9167604049,0.896589659,0.9378596087,0.8601480983666666,0.8596460333,0.8286328314960907,1171,0.8349439836,0.8858542782,spacyexperience_details_section
2023-07-08 09:26:26,6.9s,d7a5e7387a3b4e08a79578460146e104,personal_details_section_20230708-091514,LOCAL,/home/ptgml/local_machine/train_spacy.py,ptgml,FINISHED,64,200,0.00001,2000,"""microsoft/deberta-base""","""Adam.v1""",personal_details_section,personal_details_section_microsoft/deberta-base,2000,,,,,,,,,,,,,,,,,,,,,,,,,0.9569093611,0.9333333333,0.9817073171,0.7586206897,0.6875,0.8461538462,,,,0.7487684729,0.76,0.7378640777,,,,0.8923512748,0.8923512748,0.8923512748,,,,0.6612244898,0.6585365854,0.6639344262,0.9059011164,0.8847352025,0.9281045752,,,,,,,0.7370786517,0.752293578,0.7224669604,0.879245283,0.8661710037,0.8927203065,,,,0.8595054035333334,0.8594563331,0.7376141461258794,1168,0.8515759312,0.8674839463,spacypersonal_details_section
2023-07-08 09:13:37,7.7s,ffc97063c45f496c8519b37bf4295630,entire_resume_20230708-090017,LOCAL,/home/ptgml/local_machine/train_spacy.py,ptgml,FINISHED,64,200,0.00001,2000,"""microsoft/deberta-base""","""Adam.v1""",entire_resume,entire_resume_microsoft/deberta-base,2000,0,0,0,,,,0.269541779,0.3333333333,0.2262443439,0,0,0,0.8099173554,0.8121546961,0.8076923077,0.7484197219,0.7119663259,0.7888074617,0.8275015347,0.8377874456,0.8174651304,0.7646129542,0.75625,0.7731629393,0.875,0.8201634877,0.937694704,0,0,0,0.7350689127,0.7430340557,0.7272727273,0.5064377682,0.446969697,0.5841584158,,,,0.7988980716,0.7774798928,0.821529745,0.7525252525,0.745,0.7602040816,0.3744292237,0.3942307692,0.3565217391,0.8170731707,0.783625731,0.8535031847,0.3688073394,0.3333333333,0.4127310062,0.8619924354,0.8196896736,0.908899143,0.4753363229,0.5023696682,0.4510638298,0.8482632541,0.8256227758,0.8721804511,0.900203666,0.8850114416,0.9159265838,0.8215092367666667,0.8209151352,0.706463233740835,1170,0.7947442373,0.8488683378,spacyentire_resume
2023-07-06 12:47:26,6.7s,cc08af44fd8d487797117a61df9f8ff8,experience_details_section_20230706-123440,LOCAL,/home/ptgml/local_machine/train_spacy.py,ptgml,FINISHED,64,200,0.00001,2000,"""microsoft/deberta-base""","""Adam.v1""",experience_details_section,experience_details_section_microsoft/deberta-base,2000,0,0,0,,,,0,0,0,,,,0.8482142857,0.8407079646,0.8558558559,0.8031809145,0.7789203085,0.829001368,0.850603155,0.8228605625,0.8802816901,0,0,0,,,,,,,0,0,0,,,,,,,,,,0,0,0,,,,,,,0.5021834061,0.5324074074,0.4752066116,0.8794516954,0.8429622179,0.9192431617,,,,,,,0.9199881901,0.892325315,0.9494210847,0.8648687616333334,0.8641542507,0.8049671298961623,1147,0.8347740843,0.8956779499,spacyexperience_details_section
2023-07-06 12:33:01,6.9s,2b7d04082ae14487a8338246ab4f3fba,personal_details_section_20230706-122036,LOCAL,/home/ptgml/local_machine/train_spacy.py,ptgml,FINISHED,64,200,0.00001,2000,"""microsoft/deberta-base""","""Adam.v1""",personal_details_section,personal_details_section_microsoft/deberta-base,2000,,,,,,,,,,,,,,,,,,,,,,,,,0.9658385093,0.9424242424,0.9904458599,0.5294117647,0.36,1,,,,0.7368421053,0.7264150943,0.7475728155,,,,0.9224137931,0.9197707736,0.9250720461,,,,0.7272727273,0.7164179104,0.7384615385,0.9026275116,0.8848484848,0.9211356467,,,,,,,0.7330508475,0.7268907563,0.7393162393,0.8730769231,0.8598484848,0.88671875,,,,0.8642340887,0.8640275387,0.7510425030293983,1144,0.847972973,0.8807017544,spacypersonal_details_section
2023-07-06 12:18:57,7.8s,abc678a5f146450c91dda60d2b2614a6,entire_resume_20230706-120531,LOCAL,/home/ptgml/local_machine/train_spacy.py,ptgml,FINISHED,64,200,0.00001,2000,"""microsoft/deberta-base""","""Adam.v1""",entire_resume,entire_resume_microsoft/deberta-base,2000,0,0,0,,,,0.331838565,0.4157303371,0.276119403,0.231884058,0.6557377049,0.1408450704,0.8467465753,0.8445772844,0.8489270386,0.7550274223,0.7088100686,0.8076923077,0.8565284178,0.8458737864,0.8674548849,0.7779578606,0.7717041801,0.7843137255,0.9147286822,0.8858858859,0.9455128205,0,0,0,0.7511885895,0.7669902913,0.7360248447,0.587628866,0.6063829787,0.57,,,,0.8284883721,0.8189655172,0.8382352941,0.7860696517,0.7745098039,0.797979798,0.5132075472,0.4857142857,0.544,0.8484848485,0.8209876543,0.8778877888,0.4540967423,0.4251386322,0.4872881356,0.8691671402,0.8313202078,0.9106245038,0.4351851852,0.4372093023,0.4331797235,0.8292682927,0.7892857143,0.8735177866,0.9176942931,0.9009009009,0.9351256575,0.8346529200666667,0.8340986695,0.7478343396752378,1146,0.808583495,0.8612765957,spacyentire_resume
2023-07-05 15:50:54,6.9s,9b4d1303828d45deb9a954b1f978540a,education_details_section_20230705-154058,LOCAL,/home/ptgml/local_machine/train_spacy.py,ptgml,FINISHED,64,200,0.00001,2000,"""microsoft/deberta-base""","""Adam.v1""",education_details_section,education_details_section_microsoft/deberta-base,2000,0.064516129,1,0.0333333333,,,,0.4430894309,0.4678111588,0.4208494208,,,,,,,,,,,,,0.8213627993,0.8228782288,0.8198529412,,,,,,,0.7596638655,0.7508305648,0.768707483,,,,,,,,,,0.8323353293,0.8323353293,0.8323353293,,,,,,,,,,,,,,,,,,,,,,0.7000309650333333,0.6997493734,0.5784294518968489,1018,0.717368962,0.6829745597,spacyeducation_details_section
2023-07-05 15:39:20,6.9s,648b117fa91b4abaa274bac39f421ace,experience_details_section_20230705-152653,LOCAL,/home/ptgml/local_machine/train_spacy.py,ptgml,FINISHED,64,200,0.00001,2000,"""microsoft/deberta-base""","""Adam.v1""",experience_details_section,experience_details_section_microsoft/deberta-base,2000,,,,,,,0,0,0,,,,0.8570151921,0.8631863186,0.850931677,0.8106086365,0.8043184885,0.8169979438,0.8603648425,0.8612217795,0.859509609,0,0,0,,,,,,,0,0,0,,,,,,,,,,0,0,0,,,,,,,0.5092091008,0.5010660981,0.5176211454,0.8791573198,0.8426924275,0.9189207557,,,,,,,0.938286767,0.9260606061,0.9508400747,0.8681445491,0.8675837154,0.8544205607523385,1108,0.8413960383,0.8954538936,spacyexperience_details_section
2023-07-05 15:23:13,6.7s,d52840c99e524aa3b114f0d5676ec807,personal_details_section_20230705-151132,LOCAL,/home/ptgml/local_machine/train_spacy.py,ptgml,FINISHED,64,200,0.00001,2000,"""microsoft/deberta-base""","""Adam.v1""",personal_details_section,personal_details_section_microsoft/deberta-base,2000,,,,,,,,,,,,,,,,,,,,,,,,,0.9548387097,0.9396825397,0.9704918033,0.4285714286,0.2857142857,0.8571428571,,,,0.7722772277,0.7878787879,0.7572815534,,,,0.9132420091,0.9230769231,0.9036144578,,,,0.7468879668,0.7142857143,0.7826086957,0.9295302013,0.917218543,0.9421768707,,,,,,,0.7399577167,0.7291666667,0.7510729614,0.9009708738,0.8821292776,0.9206349206,,,,0.8728801463,0.8727490996,0.670980011629061,1105,0.8598462448,0.8860450945,spacypersonal_details_section
2023-07-05 12:56:30,6.7s,a19c7b875de14a72bba7ea02271fdc65,experience_details_section_20230705-124428,LOCAL,/home/ptgml/local_machine/train_spacy.py,ptgml,FINISHED,64,200,0.00001,2000,"""microsoft/deberta-base""","""Adam.v1""",experience_details_section,experience_details_section_microsoft/deberta-base,2000,,,,,,,0,0,0,,,,0.844673862,0.8458646617,0.8434864105,0.7958557176,0.7704309064,0.823015873,0.8641889545,0.860899654,0.8675034868,0,0,0,,,,,,,0,0,0,,,,,,,,,,0,0,0,,,,,,,0.5330444204,0.5336225597,0.5324675325,0.8846872235,0.8468632371,0.9260478837,,,,,,,0.9381985536,0.9141575913,0.9635381499,0.8709130485333333,0.8702228544,0.8770425514306721,1039,0.841224733,0.9012915582,spacyexperience_details_section
2023-07-05 12:42:45,7.0s,399ad5ea5e184748936ba6879d73b889,personal_details_section_20230705-123130,LOCAL,/home/ptgml/local_machine/train_spacy.py,ptgml,FINISHED,64,200,0.00001,2000,"""microsoft/deberta-base""","""Adam.v1""",personal_details_section,personal_details_section_microsoft/deberta-base,2000,,,,,,,,,,,,,,,,,,,,,,,,,0.9604316547,0.9401408451,0.9816176471,0.6428571429,0.4736842105,1,,,,0.776119403,0.7027027027,0.8666666667,,,,0.8922558923,0.9013605442,0.8833333333,,,,0.7962085308,0.7636363636,0.8316831683,0.9074074074,0.8974358974,0.9176029963,,,,,,,0.7544642857,0.7444933921,0.7647058824,0.8766519824,0.8689956332,0.8844444444,,,,0.8683159659333333,0.8680738786,0.7131163165786667,999,0.850678733,0.8861952862,spacypersonal_details_section
2023-07-05 11:22:57,6.7s,745d30d204ef43ea83d214b246228306,experience_details_section_20230705-111056,LOCAL,/home/ptgml/local_machine/train_spacy.py,ptgml,FINISHED,64,200,0.00001,2000,"""microsoft/deberta-base""","""Adam.v1""",experience_details_section,experience_details_section_microsoft/deberta-base,2000,,,,,,,0,0,0,,,,0.844673862,0.8458646617,0.8434864105,0.7958557176,0.7704309064,0.823015873,0.8641889545,0.860899654,0.8675034868,0,0,0,,,,,,,0,0,0,,,,,,,,,,0,0,0,,,,,,,0.5330444204,0.5336225597,0.5324675325,0.8846872235,0.8468632371,0.9260478837,,,,,,,0.9381985536,0.9141575913,0.9635381499,0.8709130485333333,0.8702228544,0.8770425514306721,1039,0.841224733,0.9012915582,spacyexperience_details_section
2023-07-05 11:09:15,7.5s,ae03a5b249aa4ae09ed1faa86d04ac7b,personal_details_section_20230705-105744,LOCAL,/home/ptgml/local_machine/train_spacy.py,ptgml,FINISHED,64,200,0.00001,2000,"""microsoft/deberta-base""","""Adam.v1""",personal_details_section,personal_details_section_microsoft/deberta-base,2000,,,,,,,,,,,,,,,,,,,,,,,,,0.9604316547,0.9401408451,0.9816176471,0.6428571429,0.4736842105,1,,,,0.776119403,0.7027027027,0.8666666667,,,,0.8922558923,0.9013605442,0.8833333333,,,,0.7962085308,0.7636363636,0.8316831683,0.9074074074,0.8974358974,0.9176029963,,,,,,,0.7544642857,0.7444933921,0.7647058824,0.8766519824,0.8689956332,0.8844444444,,,,0.8683159659333333,0.8680738786,0.7131163165786667,999,0.850678733,0.8861952862,spacypersonal_details_section
2023-07-05 09:09:54,8.0s,6665d20cd0604b048e99763755d600ba,education_details_section_20230705-090008,LOCAL,/home/ptgml/local_machine/train_spacy.py,ptgml,FINISHED,64,200,0.00001,2000,"""microsoft/deberta-base""","""Adam.v1""",education_details_section,education_details_section_microsoft/deberta-base,2000,0.15,0.1875,0.125,,,,0.4618736383,0.5247524752,0.4124513619,,,,,,,,,,,,,0.8237547893,0.8143939394,0.8333333333,,,,,,,0.7661141805,0.776119403,0.7563636364,,,,,,,,,,0.832807571,0.8301886792,0.835443038,,,,,,,,,,,,,,,,,,,,,,0.7065360207000001,0.7060074428,0.6141332144444963,973,0.7304730473,0.683127572,spacyeducation_details_section
2023-06-21 09:36:03,6.8s,0cd8819ffedc4a199f8eb2afc7b37492,experience_details_section_20230621-092408,LOCAL,/home/ptgml/local_machine/train_spacy.py,ptgml,FINISHED,64,200,0.00001,2000,"""microsoft/deberta-base""","""Adam.v1""",experience_details_section,experience_details_section_microsoft/deberta-base,2000,,,,,,,0,0,0,,,,0.844673862,0.8458646617,0.8434864105,0.7958557176,0.7704309064,0.823015873,0.8641889545,0.860899654,0.8675034868,0,0,0,,,,,,,0,0,0,,,,,,,,,,0,0,0,,,,,,,0.5330444204,0.5336225597,0.5324675325,0.8846872235,0.8468632371,0.9260478837,,,,,,,0.9381985536,0.9141575913,0.9635381499,0.8709130485333333,0.8702228544,0.8770425514306721,1039,0.841224733,0.9012915582,spacyexperience_details_section
2023-06-21 09:22:29,6.8s,94a3f118e99b4aff94470ef398a02221,personal_details_section_20230621-091110,LOCAL,/home/ptgml/local_machine/train_spacy.py,ptgml,FINISHED,64,200,0.00001,2000,"""microsoft/deberta-base""","""Adam.v1""",personal_details_section,personal_details_section_microsoft/deberta-base,2000,,,,,,,,,,,,,,,,,,,,,,,,,0.9604316547,0.9401408451,0.9816176471,0.6428571429,0.4736842105,1,,,,0.776119403,0.7027027027,0.8666666667,,,,0.8922558923,0.9013605442,0.8833333333,,,,0.7962085308,0.7636363636,0.8316831683,0.9074074074,0.8974358974,0.9176029963,,,,,,,0.7544642857,0.7444933921,0.7647058824,0.8766519824,0.8689956332,0.8844444444,,,,0.8683159659333333,0.8680738786,0.7131163165786667,999,0.850678733,0.8861952862,spacypersonal_details_section
2023-06-21 09:09:39,7.4s,162922a798084710bb1007ba7ff7d5d1,education_details_section_20230621-090006,LOCAL,/home/ptgml/local_machine/train_spacy.py,ptgml,FINISHED,64,200,0.00001,2000,"""microsoft/deberta-base""","""Adam.v1""",education_details_section,education_details_section_microsoft/deberta-base,2000,0.0425531915,0.0555555556,0.0344827586,,,,0.4735376045,0.505952381,0.445026178,,,,,,,,,,,,,0.8525252525,0.8339920949,0.8719008264,,,,,,,0.768115942,0.7285223368,0.8122605364,,,,,,,,,,0.8284789644,0.8101265823,0.8476821192,,,,,,,,,,,,,,,,,,,,,,0.7230724306333333,0.7230419977,0.6433325757085422,937,0.7173423423,0.7288329519,spacyeducation_details_section
2023-06-20 18:11:02,7.1s,b1eee32ebc494757af782061790695a0,experience_details_section_20230620-175837,LOCAL,/home/ptgml/local_machine/train_spacy.py,ptgml,FINISHED,64,200,0.00001,2000,"""microsoft/deberta-base""","""Adam.v1""",experience_details_section,experience_details_section_microsoft/deberta-base,2000,,,,,,,0,0,0,,,,0.844673862,0.8458646617,0.8434864105,0.7958557176,0.7704309064,0.823015873,0.8641889545,0.860899654,0.8675034868,0,0,0,,,,,,,0,0,0,,,,,,,,,,0,0,0,,,,,,,0.5330444204,0.5336225597,0.5324675325,0.8846872235,0.8468632371,0.9260478837,,,,,,,0.9381985536,0.9141575913,0.9635381499,0.8709130485333333,0.8702228544,0.8770425514306721,1039,0.841224733,0.9012915582,spacyexperience_details_section
2023-06-20 17:56:26,6.8s,d93ba9452a914d06a78f846d623eb90c,personal_details_section_20230620-174443,LOCAL,/home/ptgml/local_machine/train_spacy.py,ptgml,FINISHED,64,200,0.00001,2000,"""microsoft/deberta-base""","""Adam.v1""",personal_details_section,personal_details_section_microsoft/deberta-base,2000,,,,,,,,,,,,,,,,,,,,,,,,,0.9539007092,0.9212328767,0.9889705882,0.5806451613,0.4090909091,1,,,,0.7389162562,0.6637168142,0.8333333333,,,,0.8866666667,0.8866666667,0.8866666667,,,,0.7904761905,0.7614678899,0.8217821782,0.9131238447,0.901459854,0.925093633,,,,,,,0.776523702,0.7747747748,0.778280543,0.8947368421,0.8831168831,0.9066666667,,,,0.8698023971,0.8694225722,0.7057529631417965,999,0.8477287268,0.8922558923,spacypersonal_details_section
2023-06-20 17:43:01,8.8s,ed1702e5e1bb4413878c4a4e29618ce7,education_details_section_20230620-173317,LOCAL,/home/ptgml/local_machine/train_spacy.py,ptgml,FINISHED,64,200,0.00001,2000,"""microsoft/deberta-base""","""Adam.v1""",education_details_section,education_details_section_microsoft/deberta-base,2000,0.0425531915,0.0555555556,0.0344827586,,,,0.4735376045,0.505952381,0.445026178,,,,,,,,,,,,,0.8525252525,0.8339920949,0.8719008264,,,,,,,0.768115942,0.7285223368,0.8122605364,,,,,,,,,,0.8284789644,0.8101265823,0.8476821192,,,,,,,,,,,,,,,,,,,,,,0.7230724306333333,0.7230419977,0.6433325757085422,937,0.7173423423,0.7288329519,spacyeducation_details_section
2023-06-15 09:39:25,6.6s,72aad230d7644ddd8a6a90808e83334a,personal_details_section_20230615-092805,LOCAL,/home/ptgml/local_machine/train_spacy.py,ptgml,FINISHED,64,200,0.00001,2000,"""microsoft/deberta-base""","""Adam.v1""",personal_details_section,personal_details_section_microsoft/deberta-base,2000,,,,,,,,,,,,,,,,,,,,,,,,,0.9539007092,0.9212328767,0.9889705882,0.5806451613,0.4090909091,1,,,,0.7389162562,0.6637168142,0.8333333333,,,,0.8866666667,0.8866666667,0.8866666667,,,,0.7904761905,0.7614678899,0.8217821782,0.9131238447,0.901459854,0.925093633,,,,,,,0.776523702,0.7747747748,0.778280543,0.8947368421,0.8831168831,0.9066666667,,,,0.8698023971,0.8694225722,0.7057529631417965,999,0.8477287268,0.8922558923,spacypersonal_details_section
2023-06-15 09:26:31,6.6s,a10e7b00af2743cdbf86c67dc07517ee,experience_details_section_20230615-091440,LOCAL,/home/ptgml/local_machine/train_spacy.py,ptgml,FINISHED,64,200,0.00001,2000,"""microsoft/deberta-base""","""Adam.v1""",experience_details_section,experience_details_section_microsoft/deberta-base,2000,,,,,,,,,,,,,0.828854314,0.8411483254,0.8169144981,0.8059810357,0.787037037,0.8258594918,0.8532516173,0.8489159892,0.8576317591,,,,,,,,,,,,,,,,,,,,,,,,,,,,,,,0.5163265306,0.512145749,0.5205761317,0.8824203994,0.8477640959,0.9200309467,,,,,,,0.945625,0.9362623762,0.9551767677,0.8694054654666666,0.8688382819,0.8826944845237075,999,0.8424877708,0.8968903437,spacyexperience_details_section
2023-06-12 10:24:03,6.7s,c06b496eba7145119ab286038dcccf06,personal_details_section_20230612-101239,LOCAL,/home/ptgml/local_machine/train_spacy.py,ptgml,FINISHED,64,200,0.00001,2000,"""microsoft/deberta-base""","""Adam.v1""",personal_details_section,personal_details_section_microsoft/deberta-base,2000,,,,,,,,,,,,,,,,,,,,,,,,,0.9473684211,0.9125874126,0.9849056604,0.7586206897,0.6470588235,0.9166666667,,,,0.7817258883,0.7064220183,0.875,,,,0.9061946903,0.9078014184,0.9045936396,,,,0.7614678899,0.7217391304,0.8058252427,0.9057971014,0.8771929825,0.936329588,,,,,,,0.7402298851,0.7219730942,0.7594339623,0.8828828829,0.8711111111,0.8949771689,,,,0.8664897837000001,0.8659311267,0.6811890644097315,969,0.8398184176,0.8937198068,spacypersonal_details_section
2023-06-12 10:11:04,6.7s,a53f7c0876d94341bfcd25576237869f,experience_details_section_20230612-095856,LOCAL,/home/ptgml/local_machine/train_spacy.py,ptgml,FINISHED,64,200,0.00001,2000,"""microsoft/deberta-base""","""Adam.v1""",experience_details_section,experience_details_section_microsoft/deberta-base,2000,,,,,,,,,,,,,0.834109972,0.8348880597,0.8333333333,0.7988316904,0.7753366407,0.8237951807,0.8676321994,0.8609625668,0.8744059742,,,,,,,,,,,,,,,,,,,,,,,,,,,,,,,0.5190243902,0.5267326733,0.5115384615,0.8844866637,0.8563760147,0.9145054177,,,,,,,0.9446334674,0.9356617647,0.9537788882,0.8711434484000001,0.8707456887,0.877182930316239,972,0.8485415108,0.8941431457,spacyexperience_details_section
2023-06-12 09:57:11,7.8s,db5c8ee9f0a343e48c111ab818a6bf33,entire_resume_20230612-094409,LOCAL,/home/ptgml/local_machine/train_spacy.py,ptgml,FINISHED,64,200,0.00001,2000,"""microsoft/deberta-base""","""Adam.v1""",entire_resume,entire_resume_microsoft/deberta-base,2000,0,0,0,,,,0.2881355932,0.3355263158,0.2524752475,0.2945736434,0.6627906977,0.1893687708,0.8325123153,0.8349802372,0.8300589391,0.7484064492,0.7043048694,0.7984,0.8402656414,0.8364648573,0.8441011236,0.780876494,0.7935222672,0.768627451,0.8951048951,0.8421052632,0.9552238806,0,0,0,0.7145557656,0.7325581395,0.6974169742,0.4306220096,0.3383458647,0.5921052632,,,,0.8341708543,0.8110749186,0.8586206897,0.5375,0.5620915033,0.5149700599,0.4830917874,0.4587155963,0.5102040816,0.8770053476,0.8395904437,0.9179104478,0.3840445269,0.3532423208,0.4207317073,0.8809337507,0.8476596813,0.9169268359,0.4434180139,0.4266666667,0.4615384615,0.8423326134,0.8125,0.8744394619,0.9261568756,0.9138601036,0.9387890885,0.8375196173333334,0.8370615096,0.7710723619754087,971,0.8137555746,0.8617417678,spacyentire_resume
2023-06-08 09:38:43,6.7s,6f3fd748e0284427b772b3107f353f90,personal_details_section_20230608-092725,LOCAL,/home/ptgml/local_machine/train_spacy.py,ptgml,FINISHED,64,200,0.00001,2000,"""microsoft/deberta-base""","""Adam.v1""",personal_details_section,personal_details_section_microsoft/deberta-base,2000,,,,,,,,,,,,,,,,,,,,,,,,,0.9668615984,0.9538461538,0.9802371542,0.8888888889,0.8,1,,,,0.6341463415,0.5652173913,0.7222222222,,,,0.9353049908,0.9301470588,0.9405204461,,,,0.7537688442,0.7211538462,0.7894736842,0.9423459245,0.9294117647,0.9556451613,,,,,,,0.7724867725,0.7807486631,0.7643979058,0.9086419753,0.9019607843,0.9154228856,,,,0.8844096693000001,0.8842337376,0.7536273028088799,914,0.8692196532,0.8997756171,spacypersonal_details_section
2023-06-08 09:25:49,6.6s,eb5e53123acc4b2a85601ccddb1d9553,experience_details_section_20230608-091406,LOCAL,/home/ptgml/local_machine/train_spacy.py,ptgml,FINISHED,64,200,0.00001,2000,"""microsoft/deberta-base""","""Adam.v1""",experience_details_section,experience_details_section_microsoft/deberta-base,2000,,,,,,,,,,,,,0.8353413655,0.8603929679,0.8117073171,0.8040650407,0.7880478088,0.820746888,0.8791773779,0.8737226277,0.8847006652,,,,,,,,,,,,,,,,,,,,,,,,,,,,,,,0.5215366705,0.5245901639,0.5185185185,0.8934030984,0.8604743083,0.9289524216,,,,,,,0.9561615464,0.9415363698,0.9712482468,0.8811598833333334,0.8806631485,0.8714445282527156,917,0.8557813256,0.9070351759,spacyexperience_details_section
2023-06-08 09:12:55,7.4s,ddfe8a3be6c14520bbe6e8dc8ecfdd37,entire_resume_20230608-090016,LOCAL,/home/ptgml/local_machine/train_spacy.py,ptgml,FINISHED,64,200,0.00001,2000,"""microsoft/deberta-base""","""Adam.v1""",entire_resume,entire_resume_microsoft/deberta-base,2000,0,0,0,,,,0.1818181818,0.2519083969,0.1422413793,0,0,0,0.7952586207,0.840546697,0.754601227,0.7105580088,0.6760886173,0.7487309645,0.8220113852,0.8382352941,0.8064035741,0.7505518764,0.7623318386,0.7391304348,0.8973843058,0.9214876033,0.8745098039,0,0,0,0.7136752137,0.7522522523,0.6788617886,0.5962732919,0.6075949367,0.5853658537,,,,0.714801444,0.7071428571,0.7226277372,0.4341637011,0.4728682171,0.4013157895,0.3163841808,0.3333333333,0.3010752688,0.8133595285,0.8214285714,0.8054474708,0.2366710013,0.2549019608,0.2208737864,0.8655253395,0.8369536598,0.8961167101,0.4540229885,0.512987013,0.4072164948,0.8536585366,0.8373205742,0.8706467662,0.9187432286,0.9244186047,0.9131371141,0.8182601821333333,0.8182166093,0.5753850577169073,916,0.8109688072,0.8255951299,spacyentire_resume
2023-06-07 09:39:52,6.7s,c139881a0e0c49a996603feef2dcbd71,personal_details_section_20230607-092812,LOCAL,/home/ptgml/local_machine/train_spacy.py,ptgml,FINISHED,64,200,0.00001,2000,"""microsoft/deberta-base""","""Adam.v1""",personal_details_section,personal_details_section_microsoft/deberta-base,2000,,,,,,,,,,,,,,,,,,,,,,,,,0.9585798817,0.9382239382,0.9798387097,0.8,0.7272727273,0.8888888889,,,,0.75,0.6923076923,0.8181818182,,,,0.9198473282,0.9128787879,0.9269230769,,,,0.7142857143,0.6730769231,0.7608695652,0.9101338432,0.8847583643,0.937007874,,,,,,,0.7395833333,0.7434554974,0.7357512953,0.8851674641,0.8726415094,0.8980582524,,,,0.8709976701333333,0.8707280832,0.6953267826957712,860,0.8523636364,0.8899012908,spacypersonal_details_section
2023-06-07 09:26:38,6.7s,a0e24c74d9714921b7a972d01ffb5f47,experience_details_section_20230607-091438,LOCAL,/home/ptgml/local_machine/train_spacy.py,ptgml,FINISHED,64,200,0.00001,2000,"""microsoft/deberta-base""","""Adam.v1""",experience_details_section,experience_details_section_microsoft/deberta-base,2000,,,,,,,,,,,,,0.8460710441,0.8590163934,0.8335100742,0.788869258,0.7665236052,0.8125568699,0.8587434974,0.8442171518,0.8737785016,,,,,,,,,,,,,,,,,,,,,,,,,,,,,,,0.5800464037,0.5882352941,0.5720823799,0.8886757602,0.8628086633,0.91614179,,,,,,,0.9410029499,0.9259796807,0.9565217391,0.8758950899000001,0.8755313323,0.8616481797931363,862,0.8542133116,0.8979406258,spacyexperience_details_section
2023-06-07 09:12:58,8.1s,f7b3e422f2d7425d9ff79d4b919a6ea1,entire_resume_20230607-090017,LOCAL,/home/ptgml/local_machine/train_spacy.py,ptgml,FINISHED,64,200,0.00001,2000,"""microsoft/deberta-base""","""Adam.v1""",entire_resume,entire_resume_microsoft/deberta-base,2000,0,0,0,,,,0.4105263158,0.4431818182,0.3823529412,0.1012658228,0.6666666667,0.0547945205,0.827173913,0.8427464009,0.8121664888,0.7045643154,0.6510736196,0.7676311031,0.8434022258,0.8400633413,0.8467677574,0.7471526196,0.7288888889,0.7663551402,0.8984375,0.8778625954,0.92,0,0,0,0.7627494457,0.7678571429,0.7577092511,0.5555555556,0.5454545455,0.5660377358,,,,0.8036697248,0.7738515901,0.8358778626,0.7509578544,0.7480916031,0.7538461538,0.4526315789,0.4215686275,0.4886363636,0.860952381,0.8339483395,0.8897637795,0.398200225,0.3710691824,0.4296116505,0.8731217526,0.8377686452,0.9115900594,0.445026178,0.467032967,0.425,0.8167770419,0.7551020408,0.8894230769,0.9114486847,0.8971553611,0.9262048193,0.8319389632333333,0.8314839541,0.7105486187582164,861,0.8083344524,0.8559984832,spacyentire_resume
2023-06-06 13:14:19,4.1s,8cfdd63cd70646078d622d5548a89bd4,personal_details_section_20230606-130241,LOCAL,/home/ptgml/local_machine/train_spacy.py,ptgml,FINISHED,64,200,0.00001,2000,"""microsoft/deberta-base""","""Adam.v1""",personal_details_section,personal_details_section_microsoft/deberta-base,2000,,,,,,,,,,,,,,,,,,,,,,,,,0.9632653061,0.9402390438,0.9874476987,0.5333333333,0.4,0.8,,,,0.7747747748,0.7288135593,0.8269230769,,,,0.9421157685,0.9477911647,0.9365079365,,,,0.7228915663,0.6818181818,0.7692307692,0.9237113402,0.9105691057,0.9372384937,,,,,,,0.7146666667,0.6907216495,0.7403314917,0.8894472362,0.8762376238,0.9030612245,,,,0.8771144414,0.8768201495,0.7397721938004148,840,0.857582756,0.8969404187,spacypersonal_details_section
2023-06-06 13:01:04,4.6s,b689726127884371b992e6b833e15631,experience_details_section_20230606-124858,LOCAL,/home/ptgml/local_machine/train_spacy.py,ptgml,FINISHED,64,200,0.00001,2000,"""microsoft/deberta-base""","""Adam.v1""",experience_details_section,experience_details_section_microsoft/deberta-base,2000,,,,,,,,,,,,,0.8403458213,0.8408304498,0.8398617512,0.8201438849,0.7985989492,0.842883549,0.8535353535,0.8442964197,0.8629787234,,,,,,,,,,,,,,,,,,,,,,,,,,,,,,,0.5311778291,0.5168539326,0.5463182898,0.894127702,0.8578652453,0.9335911356,,,,,,,0.9424488219,0.9291698401,0.9561128527,0.8805036373333334,0.879776082,0.8484778794738023,842,0.849862259,0.911872571,spacyexperience_details_section
2023-06-06 12:47:10,8.8s,883a39ab5d2f403abdc12e42559a6347,entire_resume_20230606-123423,LOCAL,/home/ptgml/local_machine/train_spacy.py,ptgml,FINISHED,64,200,0.00001,2000,"""microsoft/deberta-base""","""Adam.v1""",entire_resume,entire_resume_microsoft/deberta-base,2000,0,0,0,,,,0.4281345566,0.4458598726,0.4117647059,0.2044728435,0.5245901639,0.126984127,0.8259010385,0.8428927681,0.8095808383,0.738934056,0.693220339,0.7911025145,0.8185801928,0.8079584775,0.8294849023,0.7845804989,0.7587719298,0.8122065728,0.9256198347,0.9218106996,0.9294605809,0,0,0,0.7544642857,0.7379912664,0.7716894977,0.5982905983,0.5555555556,0.6481481481,,,,0.8576998051,0.8429118774,0.873015873,0.6283524904,0.6212121212,0.6356589147,0.6235294118,0.6235294118,0.6235294118,0.854805726,0.8427419355,0.867219917,0.4040114613,0.375,0.4378881988,0.8789945874,0.8381645928,0.9240062354,0.4046242775,0.421686747,0.3888888889,0.8472906404,0.7926267281,0.9100529101,0.928136419,0.9114832536,0.9454094293,0.8413328042333333,0.8406853092,0.7467111315554238,841,0.8130654223,0.8702476812,spacyentire_resume
2023-06-02 09:54:19,6.8s,599c4046696943868fd85479a4e0e009,personal_details_section_20230602-093741,LOCAL,/home/ptgml/local_machine/train_spacy.py,ptgml,FINISHED,64,200,0.00001,3000,"""microsoft/deberta-base""","""Adam.v1""",personal_details_section,personal_details_section_microsoft/deberta-base,2000,,,,,,,,,,,,,,,,,,,,,,,,,0.9557894737,0.9303278689,0.9826839827,0.7058823529,0.5454545455,1,,,,0.8034188034,0.734375,0.8867924528,,,,0.8993839836,0.893877551,0.9049586777,,,,0.6666666667,0.6060606061,0.7407407407,0.9244060475,0.906779661,0.9427312775,,,,,,,0.7485380117,0.7398843931,0.7573964497,0.9325842697,0.9222222222,0.9431818182,,,,0.8761083886666666,0.8756668034,0.6938517844789819,800,0.8522364217,0.9004219409,spacypersonal_details_section
2023-06-02 09:36:07,6.8s,056555ea18c2460f9001198448068ed6,experience_details_section_20230602-091924,LOCAL,/home/ptgml/local_machine/train_spacy.py,ptgml,FINISHED,64,200,0.00001,3000,"""microsoft/deberta-base""","""Adam.v1""",experience_details_section,experience_details_section_microsoft/deberta-base,2000,,,,,,,,,,,,,0.8669064748,0.8426573427,0.8925925926,0.7741347905,0.7456140351,0.8049242424,0.8421494542,0.8221311475,0.8631669535,,,,,,,,,,,,,,,,,,,,,,,,,,,,,,,0.5141451415,0.5173267327,0.511002445,0.8801330137,0.840112202,0.9241575315,,,,,,,0.9375975039,0.9175572519,0.9585326954,0.8671655305,0.8661688037,0.8577487629217011,802,0.8316467341,0.9036810537,spacyexperience_details_section
2023-06-02 09:18:13,7.8s,3a9e9a64a6d749f49fc4bf0a175abab1,entire_resume_20230602-090016,LOCAL,/home/ptgml/local_machine/train_spacy.py,ptgml,FINISHED,64,200,0.00001,3000,"""microsoft/deberta-base""","""Adam.v1""",entire_resume,entire_resume_microsoft/deberta-base,2000,0,0,0,,,,0.2459016393,0.2760736196,0.2216748768,0.0291970803,0.0952380952,0.0172413793,0.8120678818,0.8187579214,0.8054862843,0.74204947,0.6936416185,0.7977207977,0.8123393316,0.8102564103,0.8144329897,0.8179669031,0.8238095238,0.8122065728,0.9127789047,0.858778626,0.974025974,0,0,0,0.7556561086,0.7522522523,0.7590909091,0.5606060606,0.5068493151,0.6271186441,0,0,0,0.81799591,0.8,0.8368200837,0.7287449393,0.7317073171,0.7258064516,0.6192893401,0.5545454545,0.7011494253,0.8640973631,0.8223938224,0.9102564103,0.3604651163,0.376899696,0.3454038997,0.8512832625,0.8127630788,0.8936363636,0.409221902,0.3796791444,0.44375,0.8647214854,0.8232323232,0.9106145251,0.898957498,0.8932270916,0.9047619048,0.8162693575,0.8157302221,0.6313675141380413,801,0.7908418912,0.8422359592,spacyentire_resume
2023-06-01 09:53:40,6.7s,5bdb008ed0484b0e94e3d7ac7a4387dd,personal_details_section_20230601-093744,LOCAL,/home/ptgml/local_machine/train_spacy.py,ptgml,FINISHED,64,200,0.00001,3000,"""microsoft/deberta-base""","""Adam.v1""",personal_details_section,personal_details_section_microsoft/deberta-base,2000,,,,,,,,,,,,,,,,,,,,,,,,,0.9739952719,0.9626168224,0.985645933,0.8333333333,0.8333333333,0.8333333333,,,,0.85,0.8225806452,0.8793103448,,,,0.93598234,0.9257641921,0.9464285714,,,,0.7204301075,0.67,0.7790697674,0.9256594724,0.9018691589,0.9507389163,,,,,,,0.6948051948,0.6948051948,0.6948051948,0.9132947977,0.8977272727,0.9294117647,,,,0.8823514234,0.8821192053,0.6947850875950652,751,0.8649350649,0.9,spacypersonal_details_section
2023-06-01 09:36:12,6.9s,0f170e86e1e442d9bc8f622f75cc17c2,experience_details_section_20230601-091937,LOCAL,/home/ptgml/local_machine/train_spacy.py,ptgml,FINISHED,64,200,0.00001,3000,"""microsoft/deberta-base""","""Adam.v1""",experience_details_section,experience_details_section_microsoft/deberta-base,2000,,,,,,,,,,,,,0.8447136564,0.8550724638,0.8346028292,0.7856801909,0.7742238946,0.7974806202,0.842945874,0.834797891,0.8512544803,,,,,,,,,,,,,,,,,,,,,,,,,,,,,,,0.474522293,0.5340501792,0.4269340974,0.8824584844,0.8519201002,0.9152676592,,,,,,,0.9385964912,0.9356120827,0.9416,0.8694350299333333,0.8690556682,0.8299049251155268,753,0.8473794089,0.8918700127,spacyexperience_details_section
2023-06-01 09:18:02,7.7s,ba3f855e520a4c72a30d40dc1f88376b,entire_resume_20230601-090013,LOCAL,/home/ptgml/local_machine/train_spacy.py,ptgml,FINISHED,64,200,0.00001,3000,"""microsoft/deberta-base""","""Adam.v1""",entire_resume,entire_resume_microsoft/deberta-base,2000,0,0,0,,,,0.315270936,0.3636363636,0.2782608696,0.0292682927,0.6,0.015,0.8359375,0.8668981481,0.807112069,0.7179962894,0.6649484536,0.7802419355,0.8530892449,0.8503649635,0.8558310376,0.765,0.7427184466,0.7886597938,0.8939051919,0.872246696,0.9166666667,0,0,0,0.7707317073,0.7632850242,0.7783251232,0.6935483871,0.7049180328,0.6825396825,,,,0.8318965517,0.8177966102,0.8464912281,0.6861924686,0.6949152542,0.6776859504,0.6179775281,0.5612244898,0.6875,0.8584269663,0.8232758621,0.896713615,0.33,0.3344594595,0.3256578947,0.8673832383,0.8199305756,0.9206658546,0.3959044369,0.4264705882,0.3694267516,0.8441926346,0.8142076503,0.8764705882,0.9237668161,0.9151857835,0.9325102881,0.8361627388666667,0.8353996779,0.715238701168581,752,0.8056007494,0.8674877893,spacyentire_resume
2023-05-31 09:55:29,6.7s,abfc60b5756e434bb626e09ec8440e50,personal_details_section_20230531-093901,LOCAL,/home/ptgml/local_machine/train_spacy.py,ptgml,FINISHED,64,200,0.00001,3000,"""microsoft/deberta-base""","""Adam.v1""",personal_details_section,personal_details_section_microsoft/deberta-base,2000,,,,,,,,,,,,,,,,,,,,,,,,,0.9587155963,0.9288888889,0.990521327,0.6666666667,0.5,1,,,,0.826446281,0.78125,0.8771929825,,,,0.9282511211,0.9241071429,0.9324324324,,,,0.7752808989,0.75,0.8023255814,0.9269406393,0.90625,0.9485981308,,,,,,,0.6983050847,0.7006802721,0.6959459459,0.9085365854,0.8816568047,0.9371069182,,,,0.8820256821,0.8817013735,0.6514577637452423,731,0.8614718615,0.9029038113,spacypersonal_details_section
2023-05-31 09:36:52,6.7s,dcf7b25ad6474819bdf51bc07b5dce24,experience_details_section_20230531-092037,LOCAL,/home/ptgml/local_machine/train_spacy.py,ptgml,FINISHED,64,200,0.00001,3000,"""microsoft/deberta-base""","""Adam.v1""",experience_details_section,experience_details_section_microsoft/deberta-base,2000,,,,,,,,,,,,,0.8521303258,0.8785529716,0.8272506083,0.7651282051,0.7690721649,0.7612244898,0.870029098,0.8794117647,0.8608445298,,,,,,,,,,,,,,,,,,,,,,,,,,,,,,,0.5570093458,0.6008064516,0.5191637631,0.8787004835,0.8464618402,0.9134920635,,,,,,,0.941855304,0.9381078691,0.9456327986,0.8693080966999999,0.8689560268,0.7908744003272472,733,0.8480556743,0.890912589,spacyexperience_details_section
2023-05-31 09:18:22,8.1s,0430c6b4915a4ba79eb13a0fe9e87891,entire_resume_20230531-090053,LOCAL,/home/ptgml/local_machine/train_spacy.py,ptgml,FINISHED,64,200,0.00001,3000,"""microsoft/deberta-base""","""Adam.v1""",entire_resume,entire_resume_microsoft/deberta-base,2000,0,0,0,,,,0.1842105263,0.21,0.1640625,0.0129032258,0.5,0.0065359477,0.8266502159,0.8417085427,0.8121212121,0.7412451362,0.6990825688,0.7888198758,0.8482758621,0.8499506417,0.8466076696,0.7696476965,0.7357512953,0.8068181818,0.9061032864,0.8853211009,0.9278846154,0,0,0,0.7216494845,0.7070707071,0.7368421053,0.5982905983,0.5384615385,0.6730769231,,,,0.8674157303,0.8502202643,0.8853211009,0.8075117371,0.8037383178,0.8113207547,0.6077348066,0.55,0.6790123457,0.86774942,0.8311111111,0.9077669903,0.3911439114,0.4015151515,0.381294964,0.862698781,0.8179491281,0.9126282909,0.3974763407,0.3841463415,0.4117647059,0.8433048433,0.817679558,0.8705882353,0.9244767971,0.9112107623,0.9381348107,0.8334128151666667,0.8326583056,0.6878749139703609,732,0.8030711207,0.8645090192,spacyentire_resume
2023-05-30 11:10:57,6.9s,1034b7dd8065465e8a6ebf808cd97c25,education_details_section_20230530-105617,LOCAL,/home/ptgml/local_machine/train_spacy.py,ptgml,FINISHED,64,200,0.00001,3000,"""microsoft/deberta-base""","""Adam.v1""",education_details_section,education_details_section_microsoft/deberta-base,2000,0,0,0,,,,0.4425531915,0.5148514851,0.3880597015,,,,,,,,,,,,,0.8742857143,0.8693181818,0.8793103448,,,,,,,0.782152231,0.7720207254,0.7925531915,,,,,,,,,,0.8265306122,0.8350515464,0.8181818182,,,,,,,,,,,,,,,,,,,,,,0.7349483892333333,0.7341772152,0.5788903775536388,680,0.7644991213,0.7061688312,spacyeducation_details_section
2023-05-30 10:54:13,4.3s,96cf0b91a6354ce4b42d2d0e60cef611,personal_details_section_20230530-103719,LOCAL,/home/ptgml/local_machine/train_spacy.py,ptgml,FINISHED,64,200,0.00001,3000,"""microsoft/deberta-base""","""Adam.v1""",personal_details_section,personal_details_section_microsoft/deberta-base,2000,,,,,,,,,,,,,,,,,,,,,,,,,0.9728395062,0.9563106796,0.9899497487,0.9090909091,0.8333333333,1,,,,0.8080808081,0.7547169811,0.8695652174,,,,0.9086651054,0.8940092166,0.9238095238,,,,0.76,0.7215189873,0.8028169014,0.946835443,0.935,0.958974359,,,,,,,0.7348242812,0.7142857143,0.7565789474,0.9107142857,0.9,0.921686747,,,,0.8879394315,0.8876404494,0.6496879137263687,713,0.8681318681,0.908045977,spacypersonal_details_section
2023-05-30 10:35:42,4.1s,21dac8021e40476cb155c059326057f4,experience_details_section_20230530-101847,LOCAL,/home/ptgml/local_machine/train_spacy.py,ptgml,FINISHED,64,200,0.00001,3000,"""microsoft/deberta-base""","""Adam.v1""",experience_details_section,experience_details_section_microsoft/deberta-base,2000,,,,,,,,,,,,,0.8319444444,0.8484419263,0.8160762943,0.7676886792,0.7596266044,0.7759237187,0.8648357566,0.8653017241,0.8643702906,,,,,,,,,,,,,,,,,,,,,,,,,,,,,,,0.5142857143,0.5217391304,0.5070422535,0.8808416739,0.835538611,0.9313390551,,,,,,,0.9393638171,0.9292035398,0.9497487437,0.8703370414666667,0.8693197341,0.865070665717086,695,0.8343919352,0.9072994551,spacyexperience_details_section
2023-05-30 10:16:57,10.0s,23902418af5347a1bbc13381687b5185,entire_resume_20230530-095856,LOCAL,/home/ptgml/local_machine/train_spacy.py,ptgml,FINISHED,64,200,0.00001,3000,"""microsoft/deberta-base""","""Adam.v1""",entire_resume,entire_resume_microsoft/deberta-base,2000,0,0,0,,,,0.3174603175,0.3703703704,0.2777777778,0,0,0,0.7991391679,0.8338323353,0.7672176309,0.7097142857,0.6677419355,0.7573170732,0.8288387452,0.8451178451,0.813174946,0.7863247863,0.7752808989,0.7976878613,0.8905472637,0.8647342995,0.9179487179,0,0,0,0.7629427793,0.7650273224,0.7608695652,0.5742574257,0.5471698113,0.6041666667,,,,0.8066037736,0.7880184332,0.8260869565,0.7024390244,0.72,0.6857142857,0.4768211921,0.4390243902,0.5217391304,0.8304668305,0.8086124402,0.8535353535,0.3523809524,0.3557692308,0.3490566038,0.8501465048,0.7942901838,0.9144529491,0.3388704319,0.3422818792,0.3355263158,0.8562691131,0.8383233533,0.875,0.9270680372,0.9257086999,0.9284313725,0.8191392539333333,0.8181142007,0.756451837015498,694,0.7841513573,0.8551522038,spacyentire_resume
2023-05-27 09:49:08,6.5s,c3e87872f0a5456896aff9eb8a2cc721,experience_details_section_20230527-093258,LOCAL,/home/ptgml/local_machine/train_spacy.py,ptgml,FINISHED,64,200,0.00001,3000,"""microsoft/deberta-base""","""Adam.v1""",experience_details_section,experience_details_section_microsoft/deberta-base,2000,,,,,,,,,,,,,0.8167613636,0.8406432749,0.794198895,0.7805800757,0.7825537295,0.7786163522,0.8579577867,0.8584474886,0.8574686431,,,,,,,,,,,,,,,,,,,,,,,,,,,,,,,0.4507658643,0.4904761905,0.4170040486,0.8670698865,0.818947544,0.9212007505,,,,,,,0.9551777434,0.9439918534,0.9666319082,0.8599526912666667,0.8589072359,0.8682035962034512,643,0.8237414703,0.8972093676,spacyexperience_details_section
2023-05-27 09:31:51,6.6s,3be610575c7c4ac092dd8b01423e739b,personal_details_section_20230527-091851,LOCAL,/home/ptgml/local_machine/train_spacy.py,ptgml,FINISHED,64,200,0.00001,3000,"""microsoft/deberta-base""","""Adam.v1""",personal_details_section,personal_details_section_microsoft/deberta-base,2000,,,,,,,,,,,,,,,,,,,,,,,,,0.9645776567,0.9465240642,0.9833333333,0.6666666667,0.6,0.75,,,,0.7843137255,0.7547169811,0.8163265306,,,,0.9498680739,0.9375,0.9625668449,,,,0.8085106383,0.8028169014,0.8142857143,0.9234972678,0.9184782609,0.9285714286,,,,,,,0.7552447552,0.7552447552,0.7552447552,0.9271523179,0.9150326797,0.9395973154,,,,0.8955820640000001,0.8954918033,0.5564793571243332,643,0.8846153846,0.9066390041,spacypersonal_details_section
2023-05-27 09:17:16,7.4s,7a79513aeecd4bed9fab9fa509ad5ae1,entire_resume_20230527-090012,LOCAL,/home/ptgml/local_machine/train_spacy.py,ptgml,FINISHED,64,200,0.00001,3000,"""microsoft/deberta-base""","""Adam.v1""",entire_resume,entire_resume_microsoft/deberta-base,2000,0,0,0,,,,0.3083333333,0.362745098,0.268115942,0,0,0,0.8208846991,0.8641221374,0.7817679558,0.6878306878,0.6456953642,0.7358490566,0.8338092519,0.8352402746,0.8323831243,0.8024316109,0.7810650888,0.825,0.907651715,0.864321608,0.9555555556,0,0,0,0.7536231884,0.7558139535,0.7514450867,0.5434782609,0.5813953488,0.5102040816,,,,0.8918205805,0.8802083333,0.9037433155,0.6956521739,0.6808510638,0.7111111111,0.5833333333,0.5675675676,0.6,0.871657754,0.8489583333,0.8956043956,0.2991452991,0.3167420814,0.2834008097,0.8405347132,0.7778132482,0.9142589118,0.3149606299,0.3603603604,0.2797202797,0.8653846154,0.8282208589,0.9060402685,0.9352142111,0.9371727749,0.9332638165,0.8163133167333333,0.8149536046,0.6769533196057747,643,0.7761726717,0.8578136739,spacyentire_resume
2023-05-26 10:11:40,6.6s,2c7c29e0a7e1441c84bf2536c1c006aa,education_details_section_20230526-095734,LOCAL,/home/ptgml/local_machine/train_spacy.py,ptgml,FINISHED,64,200,0.00001,3000,"""microsoft/deberta-base""","""Adam.v1""",education_details_section,education_details_section_microsoft/deberta-base,2000,0.08,0.25,0.0476190476,,,,0.3823529412,0.4285714286,0.3451327434,,,,,,,,,,,,,0.7781155015,0.7441860465,0.8152866242,,,,,,,0.7696793003,0.75,0.7904191617,,,,,,,,,,0.7936507937,0.8241758242,0.7653061224,,,,,,,,,,,,,,,,,,,,,,0.6882603390666667,0.6880733945,0.5917406662971053,619,0.702247191,0.6744604317,spacyeducation_details_section
2023-05-26 09:55:37,6.6s,9ab632a6f2764b40aa190904ae5c751e,experience_details_section_20230526-093832,LOCAL,/home/ptgml/local_machine/train_spacy.py,ptgml,FINISHED,64,200,0.00001,3000,"""microsoft/deberta-base""","""Adam.v1""",experience_details_section,experience_details_section_microsoft/deberta-base,2000,,,,,,,,,,,,,0.8048,0.8178861789,0.7921259843,0.7876397107,0.7749029754,0.800802139,0.8634466309,0.8487690504,0.8786407767,,,,,,,,,,,,,,,,,,,,,,,,,,,,,,,0.4690831557,0.504587156,0.438247012,0.8741813486,0.8305144159,0.9226949664,,,,,,,0.9475409836,0.9362850972,0.9590707965,0.8648720451999999,0.8639065743,0.8491358849055286,623,0.8299540416,0.9007555197,spacyexperience_details_section
2023-05-26 09:36:28,6.5s,8942d932ff72460b8dedf2dc6e784da5,personal_details_section_20230526-092008,LOCAL,/home/ptgml/local_machine/train_spacy.py,ptgml,FINISHED,64,200,0.00001,3000,"""microsoft/deberta-base""","""Adam.v1""",personal_details_section,personal_details_section_microsoft/deberta-base,2000,,,,,,,,,,,,,,,,,,,,,,,,,0.9611111111,0.9301075269,0.9942528736,0.6153846154,0.5,0.8,,,,0.8085106383,0.7755102041,0.8444444444,,,,0.9383378016,0.9259259259,0.9510869565,,,,0.7659574468,0.7397260274,0.7941176471,0.9461756374,0.9175824176,0.9766081871,,,,,,,0.7286245353,0.7313432836,0.7259259259,0.9204152249,0.8986486486,0.9432624113,,,,0.8904143867666666,0.8900634249,0.6300506942286889,623,0.8689370485,0.9122426869,spacypersonal_details_section
2023-05-26 09:18:06,7.9s,1899a07608a140d5a45be70eb23d5708,entire_resume_20230526-090051,LOCAL,/home/ptgml/local_machine/train_spacy.py,ptgml,FINISHED,64,200,0.00001,3000,"""microsoft/deberta-base""","""Adam.v1""",entire_resume,entire_resume_microsoft/deberta-base,2000,0,0,0,,,,0.2666666667,0.3666666667,0.2095238095,0,0,0,0.7837398374,0.8100840336,0.7590551181,0.6927860697,0.6476744186,0.7446524064,0.8355995056,0.8513853904,0.8203883495,0.7368421053,0.7212121212,0.753164557,0.9005524862,0.8670212766,0.9367816092,0,0,0,0.7294117647,0.7337278107,0.7251461988,0.5813953488,0.6097560976,0.5555555556,,,,0.7443037975,0.6966824645,0.7989130435,0.7340425532,0.7419354839,0.7263157895,0.4492753623,0.4428571429,0.4558823529,0.8342857143,0.8156424581,0.8538011696,0.2781186094,0.2857142857,0.2709163347,0.8397562119,0.8098381409,0.8719696232,0.4198473282,0.4330708661,0.4074074074,0.8417508418,0.8012820513,0.8865248227,0.9197565025,0.9202657807,0.9192477876,0.8087380895333333,0.8084983472,0.575908600394664,623,0.7918028665,0.8259130549,spacyentire_resume
2023-05-25 10:41:20,7.0s,4af90f7557e648f9acb90f5165418558,experience_details_section_20230525-102847,LOCAL,/home/ptgml/local_machine/train_spacy.py,ptgml,FINISHED,64,200,0.00001,2000,"""microsoft/deberta-base""","""Adam.v1""",experience_details_section,experience_details_section_microsoft/deberta-base,2000,,,,,,,,,,,,,0.8635514019,0.8461538462,0.8816793893,0.7922178988,0.7806748466,0.804107425,0.8518781006,0.8476727786,0.8561253561,,,,,,,,,,,,,,,,,,,,,,,,,,,,,,,0.4810810811,0.489010989,0.4734042553,0.8646296749,0.8132989975,0.9228762263,,,,,,,0.9563517915,0.9507772021,0.9619921363,0.8618096940000001,0.860292429,0.8314810153304,544,0.8182612495,0.9068754035,spacyexperience_details_section
2023-05-25 10:27:07,7.4s,d9d09a2a2be5457d98620c789a644c4b,personal_details_section_20230525-101543,LOCAL,/home/ptgml/local_machine/train_spacy.py,ptgml,FINISHED,64,200,0.00001,2000,"""microsoft/deberta-base""","""Adam.v1""",personal_details_section,personal_details_section_microsoft/deberta-base,2000,,,,,,,,,,,,,,,,,,,,,,,,,0.9590643275,0.9318181818,0.9879518072,0.625,0.625,0.625,,,,0.7962962963,0.7678571429,0.8269230769,,,,0.9395604396,0.9243243243,0.9553072626,,,,0.7826086957,0.7714285714,0.7941176471,0.9376854599,0.908045977,0.9693251534,,,,,,,0.7286821705,0.7401574803,0.7175572519,0.916967509,0.9007092199,0.9338235294,,,,0.8871584892333333,0.8869565217,0.6243277868898762,605,0.870864461,0.903654485,spacypersonal_details_section
2023-05-25 10:14:13,4.3s,31bf3817d9184642b5a53ae759adec42,entire_resume_20230525-100235,LOCAL,/home/ptgml/local_machine/train_spacy.py,ptgml,FINISHED,64,200,0.00001,2000,"""microsoft/deberta-base""","""Adam.v1""",entire_resume,entire_resume_microsoft/deberta-base,2000,0,0,0,,,,0.3267973856,0.4545454545,0.2551020408,0.0149253731,1,0.007518797,0.8035284683,0.7877358491,0.8199672668,0.7222548444,0.6692056583,0.7844387755,0.8499701136,0.8525179856,0.8474374255,0.7272727273,0.7088607595,0.7466666667,0.8945868946,0.8486486486,0.9457831325,0,0,0,0.7239263804,0.7151515152,0.7329192547,0.6336633663,0.6530612245,0.6153846154,,,,0.8780487805,0.8526315789,0.905027933,0.5454545455,0.5647058824,0.5274725275,0.5074626866,0.5151515152,0.5,0.8664688427,0.8390804598,0.8957055215,0.3,0.3272727273,0.2769230769,0.8547256466,0.8185943143,0.8941938094,0.3453815261,0.3644067797,0.3282442748,0.8571428571,0.8333333333,0.8823529412,0.9199157007,0.9141361257,0.9257688229,0.8239089872333333,0.8234564273,0.6795707681015097,605,0.8004824478,0.8477880866,spacyentire_resume
2023-05-24 09:58:28,6.7s,fd95e9545ebe48d689897a60b705fe62,experience_details_section_20230524-093948,LOCAL,/home/ptgml/local_machine/train_spacy.py,ptgml,FINISHED,64,200,0.00001,20000,"""microsoft/deberta-base""","""Adam.v1""",experience_details_section,experience_details_section_microsoft/deberta-base,2000,,,,,,,,,,,,,0.8554112554,0.8473413379,0.8636363636,0.7985239852,0.7806637807,0.8172205438,0.8820655967,0.8888888889,0.8753462604,,,,,,,,,,,,,,,,,,,,,,,,,,,,,,,0.4444444444,0.5050505051,0.3968253968,0.8574519602,0.808903577,0.9121999342,,,,,,,0.9508599509,0.9508599509,0.9508599509,0.8554287580666666,0.8542780749,0.8619881215088007,556,0.817566042,0.8944421573,spacyexperience_details_section
2023-05-24 09:38:40,6.8s,245f4a5f1adf4a6b9fb97404ddb77556,personal_details_section_20230524-092157,LOCAL,/home/ptgml/local_machine/train_spacy.py,ptgml,FINISHED,64,200,0.00001,20000,"""microsoft/deberta-base""","""Adam.v1""",personal_details_section,personal_details_section_microsoft/deberta-base,2000,,,,,,,,,,,,,,,,,,,,,,,,,0.9449275362,0.9106145251,0.9819277108,0.75,1,0.6,,,,0.6730769231,0.593220339,0.7777777778,,,,0.9408284024,0.9352941176,0.9464285714,,,,0.7323943662,0.7222222222,0.7428571429,0.921630094,0.8963414634,0.9483870968,,,,,,,0.769874477,0.7863247863,0.7540983607,0.8920863309,0.8732394366,0.9117647059,,,,0.8745066111333334,0.8742244783,0.5920978246075563,556,0.8554083885,0.8938869666,spacypersonal_details_section
2023-05-24 09:20:21,7.9s,cf2a6b2261ef49ec8ed43e14b22fdad2,entire_resume_20230524-090044,LOCAL,/home/ptgml/local_machine/train_spacy.py,ptgml,FINISHED,64,200,0.00001,20000,"""microsoft/deberta-base""","""Adam.v1""",entire_resume,entire_resume_microsoft/deberta-base,2000,0,0,0,,,,0.2222222222,0.301369863,0.176,0.025477707,0.5,0.0130718954,0.8077601411,0.8149466192,0.8006993007,0.6963168867,0.6447876448,0.7567975831,0.8205489092,0.8340486409,0.8074792244,0.7266435986,0.7046979866,0.75,0.9349112426,0.9186046512,0.9518072289,0,0,0,0.7547169811,0.736196319,0.7741935484,0.5168539326,0.5227272727,0.5111111111,,,,0.8513119534,0.8342857143,0.869047619,0.6850828729,0.6739130435,0.6966292135,0.5441176471,0.5606060606,0.5285714286,0.8757763975,0.8443113772,0.9096774194,0.2684563758,0.3076923077,0.2380952381,0.8240903908,0.7816340576,0.8714238737,0.4,0.390625,0.4098360656,0.8424908425,0.8394160584,0.8455882353,0.9179518816,0.9219330855,0.914004914,0.7980129944000001,0.7974965525,0.7226207414504022,556,0.7734037446,0.8231386861,spacyentire_resume
2023-05-23 10:34:49,8.1s,6e8943daabe349918b2ad46fc95a92a0,entire_resume_20230523-102326,LOCAL,/home/ptgml/local_machine/train_spacy.py,ptgml,FINISHED,64,200,0.00001,2000,"""microsoft/deberta-base""","""Adam.v1""",entire_resume,entire_resume_microsoft/deberta-base,2000,0,0,0,,,,0.3698630137,0.3802816901,0.36,0,0,0,0.7379310345,0.8273195876,0.6659751037,0.7182718272,0.722826087,0.7137745975,0.7382779199,0.8154425612,0.6744548287,0.7041198502,0.661971831,0.752,0.9116607774,0.8896551724,0.9347826087,0,0,0,0.7625899281,0.7625899281,0.7625899281,0.5588235294,0.5277777778,0.59375,,,,0.7763157895,0.7662337662,0.7866666667,0.7594936709,0.75,0.7692307692,0.5490196078,0.5283018868,0.5714285714,0.8782287823,0.8814814815,0.875,0.3,0.3157894737,0.2857142857,0.792760181,0.7937864078,0.7917366043,0.4088888889,0.3898305085,0.4299065421,0.8181818182,0.7674418605,0.8761061947,0.8666140489,0.9352640545,0.8073529412,0.7683145555666666,0.7681542118,0.43565880961730263,495,0.7819892473,0.7548002076,spacyentire_resume
2023-05-22 11:18:52,7.5s,580f3a22d40f425897328c2bc6f8bbfb,experience_details_section_20230522-110737,LOCAL,/home/ptgml/local_machine/train_spacy.py,ptgml,FINISHED,64,200,0.00001,2000,"""microsoft/deberta-base""","""Adam.v1""",,,2000,,,,,,,,,,,,,0.8625,0.8661087866,0.8589211618,0.7906976744,0.7624584718,0.8211091234,0.8659793814,0.8820678514,0.8504672897,,,,,,,,,,,,,,,,,,,,,,,,,,,,,,,0.4753623188,0.4632768362,0.4880952381,0.856631488,0.8205249468,0.8960619755,,,,,,,0.951183432,0.9568452381,0.9455882353,0.8543495678666666,0.8536791655,0.8553618809548331,495,0.8253679811,0.884001557,spacyexperience_details_section
2023-05-22 11:05:27,7.7s,4d74d88372d248fab16691052210eff2,entire_resume_20230522-105408,LOCAL,/home/ptgml/local_machine/train_spacy.py,ptgml,FINISHED,64,200,0.00001,2000,"""microsoft/deberta-base""","""Adam.v1""",,,2000,0,0,0,,,,0.3382352941,0.3770491803,0.3066666667,0,0,0,0.8062827225,0.8139534884,0.7987551867,0.6907894737,0.6392694064,0.7513416816,0.8016129032,0.8311036789,0.7741433022,0.7148288973,0.6811594203,0.752,0.9337979094,0.8993288591,0.9710144928,0,0,0,0.7785714286,0.7730496454,0.7841726619,0.5205479452,0.4634146341,0.59375,,,,0.8387096774,0.8125,0.8666666667,0.734939759,0.6931818182,0.7820512821,0.4466019417,0.4259259259,0.4693877551,0.8550724638,0.8428571429,0.8676470588,0.2857142857,0.2747252747,0.2976190476,0.81465543,0.7584019586,0.8799225307,0.3865546218,0.3511450382,0.4299065421,0.8148148148,0.7615384615,0.8761061947,0.9221645663,0.9297458894,0.9147058824,0.7932345123333334,0.7918719212,0.6880356876246922,495,0.7536333802,0.8341982356,spacyentire_resume
2023-05-20 09:22:16,6.6s,982e5717f37246b0bbae0b52d13ed3cb,personal_details_section_20230520-091130,LOCAL,/home/ptgml/local_machine/train_spacy.py,ptgml,FINISHED,64,200,0.00001,2000,"""microsoft/deberta-base""","""Adam.v1""",,,2000,,,,,,,,,,,,,,,,,,,,,,,,,0.9577464789,0.9315068493,0.9855072464,0.8333333333,0.7142857143,1,,,,0.8307692308,0.8181818182,0.84375,,,,0.9435215947,0.940397351,0.9466666667,,,,0.7722772277,0.75,0.7959183673,0.9602888087,0.9432624113,0.9779411765,,,,,,,0.7677725118,0.7788461538,0.7570093458,0.9026548673,0.9026548673,0.9026548673,,,,0.9005534715666667,0.9004739336,0.7162980337175509,495,0.890227577,0.9109589041,spacypersonal_details_section
2023-05-20 09:09:28,8.0s,255a07c911114c799452c26a552f35f8,education_details_section_20230520-090033,LOCAL,/home/ptgml/local_machine/train_spacy.py,ptgml,FINISHED,64,200,0.00001,2000,"""microsoft/deberta-base""","""Adam.v1""",,,2000,0.2666666667,0.5,0.1818181818,,,,0.5390070922,0.5757575758,0.5066666667,,,,,,,,,,,,,0.7782101167,0.7575757576,0.8,,,,,,,0.7671232877,0.7320261438,0.8057553957,,,,,,,,,,0.7852760736,0.7529411765,0.8205128205,,,,,,,,,,,,,,,,,,,,,,0.7282033914333333,0.7281105991,0.5966535139978454,495,0.7181818182,0.738317757,spacyeducation_details_section
2023-05-19 09:49:13,6.9s,8032ad6c0397431dbb348cd1c40441a2,education_details_section_20230519-093953,LOCAL,/home/ptgml/local_machine/train_spacy.py,ptgml,FINISHED,64,200,0.00001,2000,"""microsoft/deberta-base""","""Adam.v1""",,,2000,,,,,,,,,,,,,,,,,,,,,,,,,,,,,,,,,,,,,,,,,,,,,,,,,,,,,,,,,,,,,,,,,,,0.8060242400333334,0.8056426332,0.20991459248240085,717,0.7847328244,0.8276972625,spacyeducation_details_section
2023-05-19 09:37:34,6.7s,92fb03329c6b4e21a8f5f6b7b5a1cd16,experience_details_section_20230519-092624,LOCAL,/home/ptgml/local_machine/train_spacy.py,ptgml,FINISHED,64,200,0.00001,2000,"""microsoft/deberta-base""","""Adam.v1""",,,2000,,,,,,,,,,,,,,,,,,,,,,,,,,,,,,,,,,,,,,,,,,,,,,,,,,,,,,,,,,,,,,,,,,,0.8448519485,0.8444131621,0.5686539213417217,717,0.8214872638,0.8686554196,spacyexperience_details_section
2023-05-19 09:23:59,6.7s,2bfb3ef6361046f9b1b223a4207a4076,personal_details_section_20230519-091323,LOCAL,/home/ptgml/local_machine/train_spacy.py,ptgml,FINISHED,64,200,0.00001,2000,"""microsoft/deberta-base""","""Adam.v1""",,,2000,,,,,,,,,,,,,,,,,,,,,,,,,,,,,,,,,,,,,,,,,,,,,,,,,,,,,,,,,,,,,,,,,,,0.8988734190333334,0.8987246812,0.17586653204863323,438,0.8847858198,0.9131097561,spacypersonal_details_section
